Cadence Genus(TM) Synthesis Solution.
Copyright 2018 Cadence Design Systems, Inc. All rights reserved worldwide.
Cadence and the Cadence logo are registered trademarks and Genus is a trademark
of Cadence Design Systems, Inc. in the United States and other countries.

Version: 18.14-s037_1, built Wed Mar 27 10:19:21 PDT 2019
Options: -no_gui -overwrite -files syn.tcl 
Date:    Tue Sep 01 14:40:16 2026
Host:    selina.ece.northwestern.edu (x86_64 w/Linux 4.18.0-553.158.1.el8_10.x86_64) (8cores*8cpus*1physical cpu*Intel(R) Core(TM) i7-9700 CPU @ 3.00GHz 12288KB) (32477744KB)
OS:      Red Hat Enterprise Linux release 8.10 (Ootpa)

Checking out license: Genus_Synthesis

Loading tool scripts...

Finished loading tool scripts (4 seconds elapsed).

#@ Processing -files option
@genus 1> source syn.tcl
#@ Begin verbose source syn.tcl
@file(syn.tcl) 7: read_hdl -sv ../rtl/streaming_sbp_frontend.sv
@file(syn.tcl) 8: read_hdl -sv ../rtl/mlp_inference.sv
@file(syn.tcl) 9: read_hdl -sv ../rtl/argmax.sv
@file(syn.tcl) 10: read_hdl -sv ../rtl/output_formatter.sv
@file(syn.tcl) 11: read_hdl -sv ../rtl/spi_slave.sv
@file(syn.tcl) 12: read_hdl -sv ../rtl/bmi_chip_top.sv
@file(syn.tcl) 15: set_db library     /vol/eecs391/GPDK045/gsclib045_all_v4.8/gsclib045/timing/slow_vdd1v0_basicCells.lib

Threads Configured:3

  Message Summary for Library slow_vdd1v0_basicCells.lib:
  *******************************************************
  Could not find an attribute in the library. [LBR-436]: 574
  Missing a function attribute in the output pin definition. [LBR-518]: 1
  *******************************************************
 
Info    : Created nominal operating condition. [LBR-412]
        : Operating condition '_nominal_' was created for the PVT values (1.000000, 0.900000, 125.000000) in library 'slow_vdd1v0_basicCells.lib'.
        : The nominal operating condition represents either the nominal PVT values if specified iInfo    : Created nominal operating condition. [LBR-412]
        Warning : Library cell has no output pins defined. [LBR-9]
        : Library cell 'ANTENNA' must have an output pin.
        : Add the missing output pin(s), then reload the library. Otherwise, the library cell will be marked as unusable and as timing model.
Warning : Library cell has no output pins defined. [LBR-9]
        : Library cell 'ANTENNA' must have an output pin.
Warning : Library cell has no output pins defined. [LBR-9]
        : Library cell 'DECAP10' must have an output pin.
Warning : Library cell has no output pins defined. [LBR-9]
        : Library cell 'DECAP10' must have an output pin.
Warning : Library cell has no output pins defined. [LBR-9]
        : Library cell 'DECAP2' must have an output pin.
Warning : Library cell has no output pins defined. [LBR-9]
        :Warning : Library cell has no output pins defined. [LBR-9]
        : Library cell 'DECAP10' must have an output pin.
Warning : Library cell has no output pins defined. [LBR-9]
        : Library cell 'DECAP2' must have an output pin.
Warning : Library cell has no output pins defined. [LBR-9]
        : Library cell 'DECAP2' must have an output pin.
Warning : Library cell has no output pins defined. [LBR-9]
        : Library cell 'DECAP3' must have an output pin.
Warning : Library cell has no output pins defined. [LBR-9]
        : Library cell 'DECAP3' must have an output pin.
Warning : Library cell has no output pins defined. [LBR-9]
        : Library cell 'DECAP4' must have an output pin.
Warning : Library cell has no output pins defined. [LBR-9]
        : Library cell 'DECAP4' must have an output pin.
Warning : Library cell has no output pins defined. [LBR-9]
        : Library cell 'DECAP5' must have an output pin.
Warning : Library cell has no output pins defined. [LBR-9]
        : Library cell 'DECAP5' must have an output pin.
Warning : Library cell has no output pins defined. [LBR-9]
        : Library cell 'DECAP6' must have an output pin.
Warning : Library cell has no output pins defined. [LBR-9]
        : Library cell 'DECAP6' must have an output pin.
Warning : Library cell has no output pins definWarning : Library cell has no output pins defined. [LBR-9]
        : Library cell 'DECAP8' must have an output pin.
Warning : Library cell has no output pins defined. [LBR-9]
        : Library cell 'DECAP9' must have an output pin.
Warning : Library cell has no output pins defined. [LBR-9]
        : Library cell 'DECAP9' must have an output pin.
  Setting attribute of root '/': 'library' = /vol/eecs391/GPDK045/gsclib045_all_v4.8/gsclib045/timing/slow_vdd1v0_basicCells.lib
@file(syn.tcl) 16: set_db lef_library [list \
    /vol/eecs391/GPDK045/gsclib045_all_v4.8/gsclib045/lef/gsclib045_tech.lef \
    /vol/eecs391/GPDK045/gsclib045_all_v4.8/gsclib045/lef/gsclib045_macro.lef]
Info    : Via with no resistance will have a value of '0.0' assigned. [PHYS-129]
        : Via 'M2_M1_HV' has no resistance value.
Info    : Via with no resistance will have a value of '0.0' assigned. [PHYS-129]
        : Via 'M2_M1_VV' has no resistance value.
Info    : Via with no resistance will hInfo    : Via with no resistance will have a value of '0.0' assigned. [PHYS-129]
        : Via 'M2_M1_HV' has no resistance value.
Info    : Via with no resistance will have a value of '0.0' assigned. [PHYS-129]
        : Via 'M2_M1_VV' has no resistance value.
Info    : Via with no resistance will have a value of '0.0' assigned. [PHYS-129]
        : Via 'M2_M1_VH' has no resistance value.
Info    : Via with no resistance will have a value of '0.0' assigned. [PHYS-129]
        : Via 'M2_M1_HH' has no resistance value.
Info    : Via with no resistance will have a value of '0.0' assigned. [PHYS-129]
        : Via 'M2_M1_2x1_HV_E' has no resistance value.
Info    : Via with no resistance will have a value of '0.0' assigned. [PHYS-129]
        : Via 'M2_M1_2x1_HV_W' has no resistance value.
Info    : Via with no resistance will have a value of '0.0' assigned. [PHYS-129]
        : Via 'M2_M1_1x2_HV_N' has no resistance value.
Info    : Via with no resistance will have a value of '0.0' assigned. [PHYS-129]
        : Via 'M2_M1_1x2_HV_S' has no resistance value.
Info    : Via with no resistance will have a value of '0.0' assigned. [PHYS-129]
        : Via 'M3_M2_VH' has no resistance value.
Info    : Via with no resistance will have a value of '0.0' assigned. [PHYS-129]
        : Via 'M3_M2_HH' has no resistance value.
Info    : Via with no resistance will have a value of '0.0' assigned. [PHYS-129]
        : Via 'M3_M2_HV' has no resistance value.
Info    : Via with no resistance will have a value of '0.0' assigned. [PHYS-129]
        : Via 'M3_M2_VV' has no resistance value.
Info    : Via with no resistance will have a value of '0.0' assigned. [PHYS-129]
        : Via 'M3_M2_M_NH' has no resistance value.
Info    : Via with no resistance will have a value of '0.0' assigned. [PHYS-129]
        : Via 'M3_M2_M_SH' has no resistance value.
Info    : Via with no resistance will have a value of '0.0' assigned. [PHYS-129]
        : Via 'M3_M2_2x1_VH_E' has no resistance value.
Info    : Via with no resistance will have a value of '0.0' assigned. [PHYS-129]
        : Via 'M3_M2_2x1_VH_W' has no resistance value.
Info    : Via with no resistance will have a value of '0.0' assigned. [PHYS-129]
        : Via 'M3_M2_1x2_VH_N' has no resistance value.
Info    : Via with no resistance will have a value of '0.0' assigned. [PHYS-129]
        : Via 'M3_M2_1x2_VH_S' has no resistance value.
Info    : Via with no resistance will have a value of '0.0' assigned. [PHYS-129]
        : Via 'M4_M3_HV' has no resistance value.
Info    : Via with no resistance will have a value of '0.0' assigned. [PHYS-129]
        : Via 'M4_M3_VV' has no resistance value.
Info    : Via with no resistance will have a value of '0.0' assigned. [PHYS-129]
        : Via 'M4_M3_VH' has no resistance value.
Info    : Via with no resistance will have a value of '0.0' assigned. [PHYS-129]
        : Via 'M4_M3_HH' has no resistance value.
Info    : Via with no resistance will have a value of '0.0' assigned. [PHYS-129]
        : Via 'M4_M3_M_EV' has no resistance value.
Info    : Via with no resistance will have a value of '0.0' assigned. [PHYS-129]
        : Via 'M4_M3_M_WV' has no resistance value.
Info    : Via with no resistance will have a value of '0.0' assigned. [PHYS-129]
        : Via 'M4_M3_2x1_HV_E' has no resistance value.
Info    : Via with no resistance will have a value of '0.0' assigned. [PHYS-129]
        : Via 'M4_M3_2x1_HV_W' has no resistance value.
Info    : Via with no resistance will have a value of '0.0' assigned. [PHYS-129]
        : Via 'M4_M3_1x2_HV_N' has no resistance value.
Info    : Via with no resistance will have a value of '0.0' assigned. [PHYS-129]
        : Via 'M4_M3_1x2_HV_S' has no resistance value.
Info    : Via with no resistance will have a value of '0.0' assigned. [PHYS-129]
        : Via 'M5_M4_VH' has no resistance value.
Info    : Via with no resistance will have a value of '0.0' assigned. [PHYS-129]
        : Via 'M5_M4_HH' has no resistance value.
Info    : Via with no resistance will have a value of '0.0' assigned. [PHYS-129]
        : Via 'M5_M4_HV' has no resistance value.
Info    : Via with no resistance will have a value of '0.0' assigned. [PHYS-129]
        : Via 'M5_M4_VV' has no resistance value.
Info    : Via with no resistance will have a value of '0.0' assigned. [PHYS-129]
        : Via 'M5_M4_M_NH' has no resistance value.
Info    : Via with no resistance will have a value of '0.0' assigned. [PHYS-129]
        : Via 'M5_M4_M_SH' has no resistance value.
Info    : Via with no resistance will have a value of '0.0' assigned. [PHYS-129]
        : Via 'M5_M4_2x1_VH_E' has no resistance value.
Info    : Via with no resistance will have a value of '0.0' assigned. [PHYS-129]
        : Via 'M5_M4_2x1_VH_W' has no resistance value.
Info    : Via with no resistance will have a value of '0.0' assigned. [PHYS-129]
        : Via 'M5_M4_1x2_VH_N' has no resistance value.
Info    : Via with no resistance will have a value of '0.0' assigned. [PHYS-129]
        : Via 'M5_M4_1x2_VH_S' has no resistance value.
Info    : Via with no resistance will have a value of '0.0' assigned. [PHYS-129]
        : Via 'M6_M5_HV' has no resistance value.
Info    : Via with no resistance will have a value of '0.0' assigned. [PHYS-129]
        : Via 'M6_M5_VV' has no resistance value.
Info    : Via with no resistance will have a value of '0.0' assigned. [PHYS-129]
        : Via 'M6_M5_VH' has no resistance value.
Info    : Via with no resistance will have a value of '0.0' assigned. [PHYS-129]
        : Via 'M6_M5_HH' has no resistance value.
Info    : Via with no resistance will have a value of '0.0' assigned. [PHYS-129]
        : Via 'M6_M5_M_EV' has no resistance value.
Info    : Via with no resistance will have a value of '0.0' assigned. [PHYS-129]
        : Via 'M6_M5_M_WV' has no resistance value.
Info    : Via with no resistance will have a value of '0.0' assigned. [PHYS-129]
        : Via 'M6_M5_2x1_HV_E' has no resistance value.
Info    : Via with no resistance will have a value of '0.0' assigned. [PHYS-129]
        : Via 'M6_M5_2x1_HV_W' has no resistance value.
Info    : Via with no resistance will have a value of '0.0' assigned. [PHYS-129]
        : Via 'M6_M5_1x2_HV_N' has no resistance value.
Info    : Via with no resistance will have a value of '0.0' assigned. [PHYS-129]
        : Via 'M6_M5_1x2_HV_S' has no resistance value.
Info    : Via with no resistance will have a value of '0.0' assigned. [PHYS-129]
        : Via 'M7_M6_VH' has no resistance value.
Info    : Via with no resistance will have a value of '0.0' assigned. [PHYS-129]
        : Via 'M7_M6_HH' has no resistance value.
Info    : Via with no resistance will have a value of '0.0' assigned. [PHYS-129]
        : Via 'M7_M6_HV' has no resistance value.
Info    : Via with no resistance will have a value of '0.0' assigned. [PHYS-129]
        : Via 'M7_M6_VV' has no resistance value.
Info    : Via with no resistance will have a value of '0.0' assigned. [PHYS-129]
        : Via 'M7_M6_M_NH' has no resistance value.
Info    : Via with no resistance will have a value of '0.0' assigned. [PHYS-129]
        : Via 'M7_M6_M_SH' has no resistance value.
Info    : Via with no resistance will have a value of '0.0' assigned. [PHYS-129]
        : Via 'M7_M6_2x1_VH_E' has no resistance value.
Info    : Via with no resistance will have a value of '0.0' assigned. [PHYS-129]
        : Via 'M7_M6_2x1_VH_W' has no resistance value.
Info    : Via with no resistance will have a value of '0.0' assigned. [PHYS-129]
        : Via 'M7_M6_1x2_VH_N' has no resistance value.
Info    : Via with no resistance will have a value of '0.0' assigned. [PHYS-129]
        : Via 'M7_M6_1x2_VH_S' has no resistance value.
Info    : Via with no resistance will have a value of '0.0' assigned. [PHYS-129]
        : Via 'M8_M7_HV' has no resistance value.
Info    : Via with no resistance will have a value of '0.0' assigned. [PHYS-129]
        : Via 'M8_M7_VV' has no resistance value.
Info    : Via with no resistance will have a value of '0.0' assigned. [PHYS-129]
        : Via 'M8_M7_VH' has no resistance value.
Info    : Via with no resistance will have a value of '0.0' assigned. [PHYS-129]
        : Via 'M8_M7_HH' has no resistance value.
Info    : Via with no resistance will have a value of '0.0' assigned. [PHYS-129]
        : Via 'M8_M7_M_EV' has no resistance value.
Info    : Via with no resistance will have a value of '0.0' assigned. [PHYS-129]
        : Via 'M8_M7_M_WV' has no resistance value.
Info    : Via with no resistance will have a value of '0.0' assigned. [PHYS-129]
        : Via 'M8_M7_2x1_HV_E' has no resistance value.
Info    : Via with no resistance will have a value of '0.0' assigned. [PHYS-129]
        : Via 'M8_M7_2x1_HV_W' has no resistance value.
Info    : Via with no resistance will have a value of '0.0' assigned. [PHYS-129]
        : Via 'M8_M7_1x2_HV_N' has no resistance value.
Info    : Via with no resistance will have a value of '0.0' assigned. [PHYS-129]
        : Via 'M8_M7_1x2_HV_S' has no resistance value.
Info    : Via with no resistance will have a value of '0.0' assigned. [PHYS-129]
        : Via 'M9_M8_VH' has no resistance value.
Info    : Via with no resistance will have a value of '0.0' assigned. [PHYS-129]
        : Via 'M9_M8_HH' has no resistance value.
Info    : Via with no resistance will have a value of '0.0' assigned. [PHYS-129]
        : Via 'M9_M8_HV' has no resistance value.
Info    : Via with no resistance will have a value of '0.0' assigned. [PHYS-129]
        : Via 'M9_M8_VV' has no resistance value.
Info    : Via with no resistance will have a value of '0.0' assigned. [PHYS-129]
        : Via 'M9_M8_M_NH' has no resistance value.
Info    : Via with no resistance will have a value of '0.0' assigned. [PHYS-129]
        : Via 'M9_M8_M_SH' has no resistance value.
Info    : Via with no resistance will have a value of '0.0' assigned. [PHYS-129]
        : Via 'M9_M8_2x1_VH_E' has no resistance value.
Info    : Via with no resistance will have a value of '0.0' assigned. [PHYS-129]
        : Via 'M9_M8_2x1_VH_W' has no resistance value.
Info    : Via with no resistance will have a value of '0.0' assigned. [PHYS-129]
        : Via 'M9_M8_1x2_VH_N' has no resistance value.
Info    : Via with no resistance will have a value of '0.0' assigned. [PHYS-129]
        : Via 'M9_M8_1x2_VH_S' has no resistance value.
Info    : Via with no resistance will have a value of '0.0' assigned. [PHYS-129]
        : Via 'M10_M9_HV' has no resistance value.
Info    : Via with no resistance will have a value of '0.0' assigned. [PHYS-129]
        : Via 'M10_M9_VV' has no resistance value.
Info    : Via with no resistance will have a value of '0.0' assigned. [PHYS-129]
        : Via 'M10_M9_VH' has no resistance value.
Info    : Via with no resistance will have a value of '0.0' assigned. [PHYS-129]
        : Via 'M10_M9_HH' has no resistance value.
Info    : Via with no resistance will have a value of '0.0' assigned. [PHYS-129]
        : Via 'M10_M9_2x1_HV_E' has no resistance value.
Info    : Via with no resistance will have a value of '0.0' assigned. [PHYS-129]
        : Via 'M10_M9_2x1_HV_W' has no resistance value.
Info    : Via with no resistance will have a value of '0.0' assigned. [PHYS-129]
        : Via 'M10_M9_1x2_HV_N' has no resistance value.
Info    : Via with no resistance will have a value of '0.0' assigned. [PHYS-129]
        : Via 'M10_M9_1x2_HV_S' has no resistance value.
Info    : Via with no resistance will have a value of '0.0' assigned. [PHYS-129]
        : Via 'M11_M10_VH' has no resistance value.
Info    : Via with no resistance will have a value of '0.0' assigned. [PHYS-129]
        : Via 'M11_M10_HH' has no resistance value.
Info    : Via with no resistance will have a value of '0.0' assigned. [PHYS-129]
        : Via 'M11_M10_HV' has no resistance value.
Info    : Via with no resistance will have a value of '0.0' assigned. [PHYS-129]
        : Via 'M11_M10_VV' has no resistance value.
Info    : Via with no resistance will have a value of '0.0' assigned. [PHYS-129]
        : Via 'M11_M10_M_NH' has no resistance value.
Info    : Via with no resistance will have a value of '0.0' assigned. [PHYS-129]
        : Via 'M11_M10_M_SH' has no resistance value.
Info    : Via with no resistance will have a value of '0.0' assigned. [PHYS-129]
        : Via 'M11_M10_2x1_VH_E' has no resistance value.
Info    : Via with no resistance will have a value of '0.0' assigned. [PHYS-129]
        : Via 'M11_M10_2x1_VH_W' has no resistance value.
Info    : Via with no resistance will have a value of '0.0' assigned. [PHYS-129]
        : Via 'M11_M10_1x2_VH_N' has no resistance value.
Info    : Via with no resistance will have a value of '0.0' assigned. [PHYS-129]
        : Via 'M11_M10_1x2_VH_S' has no resistance value.
Info    : Via with no resistance will have a value of '0.0' assigned. [PHYS-129]
        : Via 'M2_M1_2x1_HH_E' has no resistance value.
Info    : Via with no resistance will have a value of '0.0' assigned. [PHYS-129]
        : Via 'M2_M1_2x1_HH_W' has no resistance value.
Info    : Via with no resistance will have a value of '0.0' assigned. [PHYS-129]
        : Via 'M2_M1_2x1_HH_C' has no resistance value.
Info    : Via with no resistance will have a value of '0.0' assigned. [PHYS-129]
        : Via 'M2_M1_1x2_VV_N' has no resistance value.
Info    : Via with no resistance will have a value of '0.0' assigned. [PHYS-129]
        : Via 'M2_M1_1x2_VV_S' has no resistance value.
Info    : Via with no resistance will have a value of '0.0' assigned. [PHYS-129]
        : Via 'M2_M1_1x2_VV_C' has no resistance value.
Info    : Via with no resistance will have a value of '0.0' assigned. [PHYS-129]
        : Via 'M2_M1_2x2_HV' has no resistance value.
Info    : Via with no resistance will have a value of '0.0' assigned. [PHYS-129]
        : Via 'M3_M2_2x2_VH' has no resistance value.
Info    : Via with no resistance will have a value of '0.0' assigned. [PHYS-129]
        : Via 'M4_M3_2x2_HV' has no resistance value.
Info    : Via with no resistance will have a value of '0.0' assigned. [PHYS-129]
        : Via 'M5_M4_2x2_VH' has no resistance value.
Info    : Via with no resistance will have a value of '0.0' assigned. [PHYS-129]
        : Via 'M6_M5_2x2_HV' has no resistance value.
Info    : Via with no resistance will have a value of '0.0' assigned. [PHYS-129]
        : Via 'M7_M6_2x2_VH' has no resistance value.
Info    : Via with no resistance will have a value of '0.0' assigned. [PHYS-129]
        : Via 'M8_M7_2x2_HV' has no resistance value.
Info    : Via with no resistance will have a value of '0.0' assigned. [PHYS-129]
        : Via 'M9_M8_2x2_VH' has no resistance value.
Info    : Via with no resistance will have a value of '0.0' assigned. [PHYS-129]
        : Via 'M10_M9_2x2_HV' has no resistance value.
Info    : Via with no resistance will have a value of '0.0' assigned. [PHYS-129]
        : Via 'M11_M10_VH_NEW' has no resistance value.
Info    : Via with no resistance will have a value of '0.0' assigned. [PHYS-129]
        : Via 'M11_M10_HH_NEW' has no resistance value.
Info    : Via with no resistance will have a value of '0.0' assigned. [PHYS-129]
        : Via 'M11_M10_HV_NEW' has no resistance value.
Info    : Via with no resistance will have a value of '0.0' assigned. [PHYS-129]
        : Via 'M11_M10_VV_NEW' has no resistance value.
Info    : Via with no resistance will have a value of '0.0' assigned. [PHYS-129]
        : Via 'M11_M10_M_NH_NEW' has no resistance value.
Info    : Via with no resistance will have a value of '0.0' assigned. [PHYS-129]
        : Via 'M11_M10_M_SH_NEW' has no resWarning : Multiple ports are found on a pin without MUSTJOINALLPORTS in the pin property. [PHYS-2381]
        : Multiple ports are found on pin 'ExtVSS' on cell 'FSWNX1' without MUSTJOINALLPORTS in the pin property.
        : This means that only one port would be connected, which may not be the expeWarning : Multiple ports are found on a pin without MUSTJOINALLPORTS in the pin property. [PHYS-2381]
        : Multiple ports are found on pin 'ExtVSS' on cell 'FSWNX1' without MUSTJOINALLPORTS in the pin property.
        : This means that only one port would be connected, which may not be the expected behavior. Should consider adding MUSTJOINALLPORTS property.
Warning : Multiple ports are found on a pin without MUSTJOINALLPORTS in the pin property. [PHYS-2381]
        : Multiple ports are found on pin 'VDD' on cell 'FSWNX1' without MUSTJOINALLPORTS in the pin property.
Warning : Multiple ports are found on a pin without MUSTJOINALLPORTS in the pin property. [PHYS-2381]
        : Multiple ports are found on pin 'ExtVSS' on cell 'FSWX1' without MUSTJOINALLPORTS in the pin property.
Warning : Multiple ports are found on a pin without MUSTJOINALLPORTS in the pin property. [PHYS-2381]
        : Multiple ports are found on pin 'VDD' on cell 'FSWX1' without MUSTJOINALLPORTS in the pin property.
Warning : Multiple ports are found on a pin without MUSTJOINALLPORTS in the pin property. [PHYS-2381]
        : Multiple ports are found on pin 'ExtVDD' on cell 'HSWDNX1' without MUSTJOINALLPORTS in the pin property.
Warning : Multiple ports are found on a pin without MUSTJOINALLPORTS in the pin property. [PHYS-2381]
        : Multiple ports arWarning : Multiple ports are found on a pin without MUSTJOINALLPORTS in the pin property. [PHYS-2381]
        : Multiple ports are found on pin 'VSS' on cell 'HSWDX1' without MUSTJOINALLPORTS in the pin property.
Warning : Multiple ports are found on a pin without MUSTJOINALLPORTS in the pin propertyWarning : Multiple ports are found on a pin without MUSTJOINALLPORTS in the pin property. [PHYS-2381]
        : Multiple ports are found on pin 'VSS' on cell 'HSWDX1' without MUSTJOINALLPORTS in the pin property.
Warning : Multiple ports are found on a pin without MUSTJOINALLPORTS in the pin property. [PHYS-2381]
        : Multiple ports are found on pin 'ExtVDD' on cell 'HSWNX1' without MUSTJOINALLPORTS in the pin property.
Warning : Multiple ports are found on a pin without MUSTJOINALLPORTS in the pin property. [PHYS-2381]
        : Multiple ports are found on pin 'VSS' on cell 'HSWNX1' without MUSTJOINALLPORTS in the pin property.
Warning : Multiple ports are found on a pin without MUSTJOINALLPORTS in the pin property. [PHYS-2381]
        : Multiple ports are found on pin 'ExtVDD' on cell 'HSWX1' without MUSTJOINALLPORTS in the pin property.
Warning : Multiple ports are found on a pin without MUSTJOINALLPORTS in the pin property. [PHYS-2381]
        : Multiple ports are found on pin 'VSS' on cell 'HSWX1' without MUSTJOINALLPORTS in the pin property.
Warning : Multiple ports are found on a pin without MUSTJOINALLPORTS in the pin property. [PHYS-2381]
        : Multiple ports are found on pin 'VSS' on cell 'ISOHLDX1_OFF' without MUSTJOINALLPORTS in the pin property.
Warning : Multiple ports are found on a pin without MUSTJOINALLPORTS in the pin property. [PHYS-2381]
        : Multiple ports are found on pin 'VSS' on cell 'ISOHX1_OFF' without MUSTJOINALLPORTS in the pin property.
Warning : Multiple ports are found on a pin without MUSTJOINALLPORTS in the pin property. [PHYS-2381]
        : Multiple ports are found on pin 'VSS' on cell 'ISOLX1_OFF' without MUSTJOINALLPORTS in the pin property.
Warning : Multiple ports are found on a pin without MUSTJOINALLPORTS in the pin property. [PHYS-2381]
        : Multiple ports are found on pin 'VSS' on cell 'ISONLX1_OFF' without MUSTJOINALLPORTS in the pin property.
Warning : Multiple ports are found on a pin without MUSTJOINALLPORTS in the pin property. [PHYS-2381]
        : Multiple ports are found on pin 'VSS' on cell 'LSHL_ISOH_X1_FROM_OFF' without MUSTJOINALLPORTS in the pin property.
Warning : Multiple ports are found on a pin without MUSTJOINALLPORTS in the pin property. [PHYS-2381]
        : Multiple ports are found on pin 'VSS' on cell 'LSHL_ISOL_X1_FROM_OFF' without MUSTJOINALLPORTS in the pin property.
Warning : Multiple ports are found on a pin without MUSTJOINALLPORTS in the pin property. [PHYS-2381]
        : Multiple ports are found on pin 'VSS' on cell 'LSHL_ISONH_X1_FROM_OFF' without MUSTJOINALLPORTS in the pin property.
Warning : Multiple ports are found on a pin without MUSTJOINALLPORTS in the pin property. [PHYS-2381]
        : Multiple ports are found on pin 'VSS' on cell 'LSHL_ISONL_X1_FROM_OFF' without MUSTJOINALLPORTS in the pin property.
Warning : Multiple ports are found on a pin without MUSTJOINALLPORTS in the pin property. [PHYS-2381]
        : Multiple ports are found on pin 'VSS' on cell 'LSHLX1_FROM' without MUSTJOINALLPORTS in the pin property.
Warning : Multiple ports are found on a pin without MUSTJOINALLPORTS in the pin property. [PHYS-2381]
        : Multiple ports are found on pin 'VSS' on cell 'LSLH_ISOH_X1_FROM_OFF' without MUSTJOINALLPORTS in the pin property.
Warning : Multiple ports are found on a pin without MUSTJOINALLPORTS in the pin property. [PHYS-2381]
        : Multiple ports are found on pin 'VSS' on cell 'LSLH_ISOH_X1_TO_ON' without MUSTJOINALLPORTS in the pin property.
Warning : Multiple ports are found on a pin without MUSTJOINALLPORTS in the pin property. [PHYS-2381]
        : Multiple ports are found on pin 'VSS' on cell 'LSLH_ISOL_X1_FROM_OFF' without MUSTJOINALLPORTS in the pin property.
Warning : Multiple ports are found on a pin without MUSTJOINALLPORTS in the pin property. [PHYS-2381]
        : Multiple ports are found on pin 'VSS' on cell 'LSLH_ISOL_X1_TO_ON' without MUSTJOINALLPORTS in the pin property.
Warning : Multiple ports are found on a pin without MUSTJOINALLPORTS in the pin property. [PHYS-2381]
        : Multiple ports are found on pin 'VSS' on cell 'LSLH_ISONH_X1_FROM_OFF' without MUSTJOINALLPORTS in the pin property.
Warning : Multiple ports are found on a pin without MUSTJOINALLPORTS in the pin property. [PHYS-2381]
        : Multiple ports are found on pin 'VSS' on cell 'LSLH_ISONH_X1_TO_ON' without MUSTJOINALLPORTS in the pin property.
Warning : Multiple ports are found on a pin without MUSTJOINALLPORTS in the pin property. [PHYS-2381]
        : Multiple ports are found on pin 'VSS' on cWarning : Multiple ports are found on a pin without MUSTJOINALLPORTS in the pin property. [PHYS-2381]
        : Multiple ports are found on pin 'VSS' on cell 'LSLHX1_FROM' without MUSTJOINALLPORTS in the pin property.
Warning : Multiple ports are found on a pin without MUSTJOINALLPORTS in the pin property. [PHYS-2381]
        : Multiple ports are found on pin 'VSS' on cell 'LSLHX1_TO' without MUSTJOINALLPORTS in the pin property.
Warning : Multiple ports are found on a pin without MUSTJOINALLPORTS in the pin property. [PHYS-2381]
        : Multiple ports are found on pin 'VSS' on cell 'PBUFX2' without MUSTJOINALLPORTS in the pin property.
Warning : Multiple ports are found on a pin without MUSTJOINALLPORTS in the pin property. [PHYS-2381]
        : Multiple ports are found on pin 'VSS' on cell 'PINVX1' without MUSTJOINALLPORTS in the pin property.
Warning : Multiple ports are found on a pin without MUSTJOINALLPORTS in the pin property. [PHYS-2381]
        : Multiple ports are found on pin 'VSS' on cell 'RDFFNQX1' without MUSTJOINALLPORTS in the pin property.
Warning : Multiple ports are found on a pin without MUSTJOINALLPORTS in the pin properWarning : Multiple ports are found on a pin without MUSTJOINALLPORTS in the pin property. [PHYS-2381]
        : Multiple ports areWarning : Multiple ports are found on a pin without MUSTJOINALLPORTS in the pin propeWarning : Multiple ports are found on a pin without MUSTJOINALLPORTS in the pin property. [PHYS-2381]
        : Multiple ports areWarning : Multiple ports are found on a pin without MUSTJOINALLPORTS in the pin property. [PHYS-2381]
        : Multiple ports are found on pin 'VSS' on cell 'RDFFNSQX1' without MUSTJOINALLPORTS in the pin property.
Warning : Multiple ports are found on a pin without MUSTJOINALLPORTS in the pin property. [PHYS-2381]
        : Multiple ports are found on pin 'VSS' on cell 'RDFFNSRQX1' without MUSTJOINALLPORTS in the pin property.
Warning : Multiple ports are found on a pin without MUSTJOINALLPORTS in the pin property. [PHYS-2381]
        : Multiple ports are found on pin 'VSS' on cell 'RDFFNSRX1' without MUSTJOINALLPORTS in the pin property.
Warning : Multiple ports are found on a pin without MUSTJOINALLPORTS in the pin propeWarning : Multiple ports are found on a pin without MUSTJOINALLPORTS in the pin property. [PHYS-2381]
        : Multiple ports are found on pin 'VSS' on cell 'RDFFNSRX1' without MUSTJOINALLPORTS in the pin property.
Warning : Multiple ports are found on a pin without MUSTJOINALLPORTS in the pin property. [PHYS-2381]
        : Multiple ports are found on pin 'VSS' on cell 'RDFFNSX1' without MUSTJOINALLPORTS in the pin property.
Warning : Multiple ports are found on a pin without MUSTJOINALLPORTS in the pin property. [PHYS-2381]
        : Multiple ports Warning : Multiple ports are found on a pin without MUSTJOINALLPORTS in the pin property. [PHYS-2381]
        : Multiple ports are found on pin 'VSS' on cell 'RDFFRQX1' without MUSTJOINALLPORTS in the pin property.
Warning : Multiple ports are found on a pin without MUSTJOINALLPORTS in the pin property. [PHYS-2381]
        : Multiple ports are found on pin 'VSS' on cell 'RDFFRX1' without MUSTJOINALLPORTS in the pin property.
Warning : Multiple ports are found on a pin without MUSTJOINALLPORTS in the pin property. [PHYS-2381]
        : Multiple ports are found on pin 'VSS' on cell 'RDFFSQX1' without MUSTJOINALLPORTS in the pin property.
Warning : Multiple ports are found on a pin without MUSTJOINALLPORTS in the pin property. [PHYS-2381]
        : Multiple ports are found on pin 'VSS' on cell 'RDFFSRQX1' without MUSTJOINALLPORTS in the pin property.
Warning : Multiple ports are found on a pin without MUSTJOINALLPORTS in the pin property. [PHYS-2381]
        : Multiple ports are found on pin 'VSS' on cell 'RDFFSRX1' without MUSTJOINALLPORTS in the pin property.
Warning : Multiple ports are found on a pin without MUSTJOINALLPORTS in the pin properWarning : Multiple ports are found on a pin without MUSTJOINALLPORTS in the pin property. [PHYS-2381]
        : Multiple ports are found on pin 'VSS' on cell 'RDFFSRX1' without MUSTJOINALLPORTS in the pin property.
Warning : Multiple ports are found on a pin without MUSTJOINALLPORTS in the pin property. [PHYS-2381]
        : Multiple ports are found on pin 'VSS' on cell 'RDFFSX1' without MUSTJOINALLPORTS in the pin property.
Warning : Multiple ports are found on a pin without MUSTJOINALLPORTS in the pin property. [PHYS-2381]
        : Multiple ports are found on pin 'VSS' on cell 'RDFFX1' without MUSTJOINALLPORTS in the pin property.
Warning : Multiple ports are found on a pin without MUSTJOINALLPORTS in the pin property. [PHYS-2381]
        : Multiple ports are found on pin 'VSS' on cell 'RTLATRX1' without MUSTJOINALLPORTS in the pin property.
Warning : Multiple ports are found on a pin without MUSTJOINALLPORTS in the pin property. [PHYS-2381]
        : Multiple ports arWarning : Multiple ports are found on a pin without MUSTJOINALLPORTS in the pin property. [PHYS-2381]
        : Multiple ports are found on pin 'VSS' on cell 'SRDFFNQX1' without MUSTJOINALLPORTS in the pin property.
Warning : Multiple ports are found on a pin without MUSTJOINALLPORTS in the pin propeWarning : Multiple ports are found on a pin without MUSTJOINALLPORTS in the pin property. [PHYS-2381]
        : Multiple ports are found on pin 'VSS' on cell 'SRDFFNQX1' without MUSTJOINALLPORTS in the pin property.
Warning : Multiple ports are found on a pin without MUSTJOINALLPORTS in the pin property. [PHYS-2381]
        : Multiple ports are found on pin 'VSS' on cell 'SRDFFNRQX1' without MUSTJOINALLPORTS in the pin property.
Warning : Multiple ports are found on a pin without MUSTJOINALLPORTS in the pin property. [PHYS-2381]
        : Multiple ports are found on pin 'VSS' on cell 'SRDFFNRX1' without MUSTJOINALLPORTS in the pin property.
Warning : Multiple ports are found on a pin without MUSTJOINALLPORTS in the pin property. [PHYS-2381]
        : Multiple ports are found on pin 'VSS' on cell 'SRDFFNSQX1' without MUSTJOINALLPORTS in the pin property.
Warning : Multiple ports are found on a pin without MUSTJOINALLPORTS in the pin property. [PHYS-2381]
        : Multiple ports are found on pin 'VSS' on cell 'SRDFFNSRQX1' without MUSTJOINALLPORTS in the pin property.
Warning : Multiple ports are found on a pin without MUSTJOINALLPORTS in the pin property. [PHYS-2381]
        : Multiple ports are found on pin 'VSS' on cell 'SRDFFNSRX1' without MUSTJOINALLPORTS in the pin property.
Warning : Multiple ports are found on a pin without MUSTJOINALLPORTS in the pin property. [PHYS-2381]
        : Multiple ports are found on pin 'VSS' on cell 'SRDFFNSX1' without MUSTJOINALLPORTS in the pin property.
Warning : Multiple ports are found on a pin without MUSTJOINALLPORTS in the pin property. [PHYS-2381]
        : Multiple ports are found on pin 'VSS' on cell 'SRDFFNX1' without MUSTJOINALLPORTS in the pin property.
Warning : Multiple ports are found on a pin without MUSTJOINALLPORTS in the pin property. [PHYS-2381]
        : Multiple ports are found on pin 'VSS' on cell 'SRDFFQX1' without MUSTJOINALLPORTS in the pin property.
Warning : Multiple ports are found on a pin without MUSTJOINALLPORTS in the pin property. [PHYS-2381]
        : Multiple ports are found on pin 'VSS' on cell 'SRDFFRQX1' without MUSTJOINALLPORTS in the pin property.
Warning : Multiple ports are found on a pin without MUSTJOINALLPORTS in the pin property. [PHYS-2381]
        : Multiple ports are found on pin 'VSS' on cell 'SRDFFRX1' without MUSTJOINALLPORTS in the pin property.
Warning : Multiple ports are found on a pin without MUSTJOINALLPORTS in the pin property. [PHYS-2381]
        : Multiple ports are found on pin 'VSS' on cell 'SRDFFSQX1' without MUSTJOINALLPORTS in the pin property.
Warning : Multiple ports are found on a pin without MUSTJOINALLPORTS in the pin property. [PHYS-2381]
        : Multiple ports are found on pin 'VSS' on cell 'SRDFFSRQX1' without MUSTJOINALLPORTS in the pin property.
Warning : Multiple ports are found on a pin without MUSTJOINALLPORTS in the pin property. [PHYS-2381]
        : Multiple ports are found on pin 'VSS' on cell 'SRDFFSRX1' without MUSTJOINALLPORTS in the pin property.
Warning : Multiple ports are found on a pin without MUSTJOINALLPORTS in the pin property. [PHYS-2381]
        : Multiple ports aWarning : Multiple ports are found on a pin without MUSTJOINALLPORTS in the pin property. [PHYS-2381]
        : Multiple ports are found on pin 'ExtVDD' on cell 'HSWBX1' without MUSTJOINALLPORTS in the pin property.
Warning : Multiple ports are found on a pin without MUSTJOINALLPORTS in the pin propeWarning : Multiple ports are found on a pin without MUSTJOINALLPORTS in the pin property. [PHYS-2381]
        : Multiple ports are found on pin 'ExtVDD' on cell 'HSWBX1' without MUSTJOINALLPORTS in the pin property.
Warning : Multiple ports are found on a pin without MUSTJOINALLPORTS in the pin property. [PHYS-2381]
        : Multiple ports are found on pin 'VSS' on cell 'HSWBX1' without MUSTJOINALLPORTS in the pin property.
Warning : Multiple ports are found on a pin without MUSTJOINALLPORTS in the pin property. [PHYS-2381]
        : Multiple ports are found on pin 'ExtVDDB' on cell 'HSWBX1' without MUSTJOINALLPORTS in the pin property.
Warning : Multiple ports are found on a pin without MUSTJOINALLPORTS in the pin property. [PHYS-2381]
        : Multiple ports are found on pin 'ExtVDD' on cell 'HSWCX1' without MUSTJOINALLPORTS in the pin property.
Warning : Multiple ports are found on a pin without MUSTJOIN  Setting attribute of root '/': 'lef_library' = /vol/eecs391/GPDK045/gsclib045_all_v4.8/gsclib045/lef/gsclib045_tech.lef /vol/eecs391/GPDK045/gsclib045_all_v4.8/gsclib045/lef/gsclib045_macro.lef
@file(syn.tcl) 21: elaborate
Info    : Elaborating Design. [ELAB-1]
        : Elaborating top-level block 'bmi_chip_top' from file '../rtl/bmi_chip_top.sv'.
Warning : Using default parameter value for module elaboration. [CDFG-818]
        : Elaborating block 'bmi_chip_top' with default parameters value.
Warning : Unreachable statements for case item. [CDFG-472]
        : Case item 'default' in module 'streaming_sbp_frontend_N_CH8_N_SAMPLES250_ADC_WIDTH8_SBP_WIDTH8' in file '../rtl/streaming_sbp_frontend.sv' on line 72.
Warning : Unreachable statements for case item. [CDFG-472]
        : Case item 'default' in module 'mlp_inference_N_IN8_N_HIDDEN8_N_OUT4_IN_WIDTH8_W_WIDTH8_ACC_WIDTH32_SCORE_WIDTH32_HIDDEN_BIAS_SCALE85_OUTPUT_BIAS_SCALE109' in file '../rtl/mlp_inference.sv' on line 225.
Info    : Done Elaborating Design. [ELAB-3]
        : Done elaborating 'bmi_chip_top'.
Checking for analog nets...
Check completed for analog nets.
Checking for source RTL...
Check completed for source RTL.
UM:  flow.cputime  flow.realtime  timing.setup.tns  timing.setup.wns  snapshot
UM:             5              7                                      elaborate
@file(syn.tcl) 22: current_design bmi_chip_top
@file(syn.tcl) 27: check_design -unresolved > check_design.rpt
  Checking the design.

  Done Checking the design.
@file(syn.tcl) 30: read_sdc bmi_chip_top.sdc
Statistics for commands executed by read_sdc:
 "all_outputs"              - successful      1 , failed      0 (runtime  0.00)
 "create_clock"             - successful      3 , failed      0 (runtime  0.00)
 "current_design"           - successful      2 , failed      0 (runtime  0.00)
 "get_clocks"  Statistics for commands executed by read_sdc:
 "all_outputs"              - successful      1 , failed      0 (runtime  0.00)
 "create_clock"             - successful      3 , failed      0 (runtime  0.00)
 "current_design"           - successful      2 , failed      0 (runtime  0.00)
 "get_clocks"               - successful      3 , failed      0 (runtime  0.00)
 "get_ports"                - successful      8 , failed      0 (runtime  0.00)
 "set_clock_groups"         - successful      1 , failed      0 (runtime  0.00)
 "set_input_delay"          - successful      3 , failed      0 (runtime  0.00)
 "set_load"        Total runtime 0.0
@file(syn.tcl) 33: syn_generic
Info    : Deleting instances not driving any primary outputs. [GLO-34]
        : Deleting 71 hierarchical instances.
        : Optimizations such as constant propagation or redundancy removal could change the connections so a hierarchical instance does not drive any primary outputs anymore. To see thInfo    : Deleting instances not driving any primary outputs. [GLO-34]
        : Deleting 71 hierarchical instances.
        : Optimizations such as constant propagation or redundancy removal could change the connections so a hierarchical instance does not drive any primary outputs anymore. To see the list of deleted hierarchical instaInfo    : Replacing a flip-flop with a logic constant 0. [GLO-12]
        : The instance is 'u_frontend/sbp_features_reg[7][7]'.
        : To prevent this optimization, set the 'optimize_constant_0_flops' root attribute to 'false' or 'optimize_constant_0_seq' instance attribute to 'false'.
Info    : Info    : Replacing a flip-flop with a logic constant 0. [GLO-12]
        : The instance is 'u_frontend/sbp_features_reInfo    : Replacing a flip-flop with a logic constant 0. [GLO-12]
        : The instance is 'u_frontend/sbp_features_reg[5][7]'.
Info    : Replacing a flip-flop with a logic constant 0. [GLO-12]
        : The instance is 'u_frontend/sbp_features_reg[4][7]'.
Info    : Replacing a flip-flop with a logiInfo    : Replacing a flip-flop with a logic constant 0. [GLO-12]
        : The instance is 'u_frontend/sbp_features_reg[5][7]'.
Info    : Replacing a flip-flop with a logic constant 0. [GLO-12]
        : The instance is 'u_frontend/sbp_features_reg[4][7]'.
Info    : Replacing a flip-flop with a logic constant 0. [GLO-12]
        : The instance is 'u_frontend/sbp_features_reg[3][7]'.
Info    : Replacing a flip-flop with a logic constant 0. [GLO-12]
        : The instanInfo    : Deleting instances not driving any primary outputs. [GLO-34]
        : Deleting 8 sequential instances.
Info    : Deleting instances not driving any primary outputs. [GLO-34]
        : Deleting 16 hierarchical instances.
Current PLE settings:

Aspect ratio        : 1.00
Shrink factor       : 1.00
Scale of res/length : 1.00
Scale of cap/length : 1.00
Net derating factor : 1.00
Thermal factor      : 1.00
Via Resistance      : 0.00 ohm (from default)
Site size           : 1.91 um (from lef [tech+cell])

                                   Capacitance  
  Layer                             / Length         Data source:
Name Scale of cap/length : 1.00
Net derating factor : 1.00
Thermal factor      : 1.00
Via Resistance      : 0.00 ohm (from default)
Site size           : 1.91 um (from lef [tech+cell])

                                   Capacitance  
  Layer                             / Length         Data source:
Name        Direction Utilization  (pF/micron)       lef_library
------------------------------------------------
Metal1          H         0.00        0.000412  
Metal2          V         1.00        0.000416  
Metal3          H         1.00        0.000416  
Metal4          V         1.00        0.000416  
Metal5          H         1.00        0.000                                    Resistance   
  Layer                              / Length         Data source:
Name        Direction Utilization  (ohm/micron)       lef_library
-------------------------------------------------
Metal1          H         0.00         1.226667  
Metal2          V                                     Resistance   
  Layer                              / Length         Data source:
Name        Direction Utilization  (ohm/micron)       lef_library
-------------------------------------------------
Metal1          H         0.00         1.226667  
Metal2          V         1.00         0.755000  
Metal3          H         1.00         0.755000  Metal10         V         1.00         0.097273  
Metal11         H         1.00         0.095455  

                                        Area     
  Layer                               / Length        Data source:
Name        Direction Utilization     (micron)        lef_library
-------------------------------------------------
Metal1          H         0.00         0.060000  
Metal2          V                                         Area     
  Layer                               / Length        Data source:
Name        Direction Utilization     (micron)        lef_library
-------------------------------------------------
Metal1          H         0.00         0.060000  
Metal2          V         1.00         0.080000  
Metal3          H         1.00         0.080000  
Metal4          V         1.00         0.080000  
Metal5          H         1.00         0.080000  
Info    : Synthesizing. [SYNTH-1]
        : Synthesizing 'bmi_chip_top' to generic gates using 'medium' effort.
  Setting attribute of design 'bmi_chip_top': 'is_excp_dupcln' = false
PBS_Generic-Start - Elapsed_Time 0, CPU_Time 0.0
stamp 'PBS_Generic-Start' being created for table 'pbs_debug'

  Total Time (Wall) |  Stage Time (Wall)  |   % (Wall)   |    Date - Time     |  Memory   | Stage
--------------------+---------------------+--------------+--------------------+-----------+----------------------
 00:00:06(00:00:04) |  00:00:00(00:00:00) |   0.0(  0.0) |   14:40:23 (Sep01) |  295.7 M
  Total Time (Wall) |  Stage Time (Wall)  |   % (Wall)   |    Date - Time     |  Memory   | Stage
--------------------+----------------Number of threads: 8 * 1   (id: pbs_debug, time_info v1.57)
Info: (*N*) indicates data that was populated from previously saved time_info database
Info: CPU time includes time of parent + longest thread
Info    : Partition Based Synthesis execution skipped. [PHYS-752]
        : Design size is less than the partition size '100000' for distributed generic optimization to kick in.
Current PLE settings:

Aspect ratio        : 1.00
Shrink factor       : 1.00
Scale of res/length : 1.00
Scale of cap/length : 1.00
Net derating factor : 1.00
Thermal factor      : 1.00
Via Resistance      : 0.00 ohm (from default)
Site size           : 1.91 um (from lef [tech+cell])

                                   Capacitance  
  Layer                             / Length         Data source:
Name        Direction Utilization  (pF/micron)       lef_library
------------------------------------------------
Metal1          H         0.00        0.000412  
Metal2          V         1.00        0.000416  
Metal3          H         1.00        0.000416  
Metal4          V         1.00        0.000416  
Metal5          H         1.00        0.000416  
Metal6          V         1.00        0.000416  
Metal7          H         1.00        0.000416  
Metal8          V         1.00        0.000416  
Metal9          H         1.00        0.000416  
Metal10         V         1.00        0.000444  
Metal11         H         1.00        0.000444  

                                    Resistance   
  Layer                              / Length         Data source:
Name        Direction Utilization  (ohm/micron)       lef_library
-------------------------------------------------
Metal1          H         0.00         1.226667  
Metal2          V                                     Resistance   
  Layer                         Metal4          V         1.00         0.755000  
Metal5          H         1.00         0.755000  
Metal6          V         1.00         0.755000  
Metal7          H         1.00         0.755000  
Metal8          V         1.00         0.267500  
Metal9          H         1.00         0.267500  
Metal10         V         1.00         0.097273  
Metal11         H         1.00         0.095455  

                                        Area     
  Layer                               / Length        Data source:
Name        Direction Utilization     (micron)        lef_library
-------------------------------------------------
Metal1          H         0.00         0.060000  
Metal2          V                                 Metal3          H         1.00         0.080000  
Metal4          V         1.00         0.080000  
Metal5          H         1.00         0.080000  
Metal6          V         1.00         0.080000  
Metal7          H         1.00         0.080000  
Metal8          V         1.00         0.080000  
Metal9          H         1.00         0.080000  
Metal10         V         1.00         0.220000  
Metal11         H         1.00         0.220000  

Info    : Pre-processed datapath logic. [DPOPT-6]
        : Pre-processing optimizations applied to datapath logic in 'bmi_chip_top':
          mux_reduce(18) msb_trim(1) 
Info    : Optimizing datapath logic. [DPOPT-1]
        : Optimizing datapath logic in 'bmi_chip_top'.
Info    : Implementing datapath configurations. [DPOPT-3]
        : Implementing datapath configurations for 'CDN_DP_region_1605'
Info    : Accepted resource sharing opportunity. [RTLOPT-30]
        : Merged the following sets of instances in 'CDN_DP_region_1605_c1 in mlp_inference_N_IN8_N_HIDDEN8_N_OUT4_IN_WIDTH8_W_WIDTH8_ACC_WIDTH32_SCORE_WIDTH32_HIDDEN_BIAS_SCALE85_OUTPUT_BIAS_SCALE109':
	  (csa_tree_add_239_32, csa_tree_addInfo    : Accepted resource sharing opportunity. [RTLOPTInfo    : Accepted resource sharing opportunity. [RTLOPT-30]
        : Merged the following sets of instances in 'CDN_DP_region_1605_c1 in mlp_inference_N_IN8_N_HIDDEN8_N_OUT4_IN_WIDTH8_W_WIDTH8_ACC_WIDTH32_SCORE_WIDTH32_HIDDEN_BIAS_SCALE85_OUTPUT_BIAS_SCALE109':
	  (final_adder_add_251_33, final_addInfo    : AcceptInfo    : Accepted resource sharing opportunity. [RTLOPT-30]
        : Merged the following sets of instances in 'CDN_DP_region_1605_c1 in mlp_inference_N_IN8_N_HIDDEN8_N_OUT4_IN_WIDTH8_W_WIDTH8_ACC_WIDTH32_SCORE_WIDTH32_HIDDEN_BIAS_SCALE85_OUTPUT_BIAS_SCALE109':
	  (final_adder_add_275_32, final_addInfo    : AcceptInfo    : Accepted resource sharing opportunity. [RTLOPT-30]
        : Merged the following sets of instances in 'CDN_DP_region_1605_c1 in mlp_inference_N_IN8_N_HIDDEN8_N_OUT4_IN_WIDTH8_W_WIDTH8_ACC_WIDTH32_SCORE_WIDTH32_HIDDEN_BIAS_SCALE85_OUTPUT_BIAS_SCALE109':
	  (inc_add_302_50, inc_add_281_64, iInfo    : Accepted resource sharing opportunity. [RTLOPT-30]
        : Merged Info    : Accepted resource sharing opportunity. [RTLOPT-30]
        : Merged the following sets of instances in 'CDN_DP_region_1605_c2 in mlp_inference_N_IN8_N_HIDDEN8_N_OUT4_IN_WIDTH8_W_WIDTH8_ACC_WIDTH32_SCORE_WIDTH32_HIDDEN_BIAS_SCALE85_OUTPUT_BIAS_SCALE109':
	  (csa_tree_add_239_32, csa_tree_addInfo    : Accepted resource sharing opportunity. [RTLOPTInfo    : Accepted resource sharing opportunity. [RTLOPT-30]
        : Merged the following sets of instances in 'CDN_DP_region_1605_c2 in mlp_inference_N_IN8_N_HIDDEN8_N_OUT4_IN_WIDTH8_W_WIDTH8_ACC_WIDTH32_SCORE_WIDTH32_HIDDEN_BIAS_SCALE85_OUTPUT_BIAS_SCALE109':
	  (final_adder_add_251_33, final_addInfo    : AcceptInfo    : Accepted resource sharing opportunity. [RTLOPT-30]
        : Merged the following sets of instances in 'CDN_DP_region_1605_c2 in mlp_inference_N_IN8_N_HIDDEN8_N_OUT4_IN_WIDTH8_W_WIDTH8_ACC_WIDTH32_SCORE_WIDTH32_HIDDEN_BIAS_SCALE85_OUTPUT_BIAS_SCALE109':
	  (final_adder_add_275_32, final_addInfo    : AcceptInfo    : Accepted resource sharing opportunity. [RTLOPT-30]
        : Merged the following sets of instances in 'CDN_DP_region_1605_c2 in mlp_inference_N_IN8_N_HIDDEN8_N_OUT4_IN_WIDTH8_W_WIDTH8_ACC_WIDTH32_SCORE_WIDTH32_HIDDEN_BIAS_SCALE85_OUTPUT_BIAS_SCALE109':
	  (inc_add_302_50, inc_add_281_64, iInfo    : Accepted resource sharing opportunity. [RTLOPT-30]
        : Merged Info    : Accepted resource sharing opportunity. [RTLOPT-30]
        : Merged the following sets of instances in 'CDN_DP_region_1605_c3 in mlp_inference_N_IN8_N_HIDDEN8_N_OUT4_IN_WIDTH8_W_WIDTH8_ACC_WIDTH32_SCORE_WIDTH32_HIDDEN_BIAS_SCALE85_OUTPUT_BIAS_SCALE109':
	  (csa_tree_add_239_32, csa_tree_addInfo    : Accepted resource sharing opportunity. [RTLOPTInfo    : Accepted resource sharing opportunity. [RTLOPT-30]
        : Merged the following sets of instances in 'CDN_DP_region_1605_c3 in mlp_inference_N_IN8_N_HIDDEN8_N_OUT4_IN_WIDTH8_W_WIDTH8_ACC_WIDTH32_SCORE_WIDTH32_HIDDEN_BIAS_SCALE85_OUTPUT_BIAS_SCALE109':
	  (final_adder_add_251_33, final_addInfo    : AcceptInfo    : Accepted resource sharing opportunity. [RTLOPT-30]
        : Merged the following sets of instances in 'CDN_DP_region_1605_c3 in mlp_inference_N_IN8_N_HIDDEN8_N_OUT4_IN_WIDTH8_W_WIDTH8_ACC_WIDTH32_SCORE_WIDTH32_HIDDEN_BIAS_SCALE85_OUTPUT_BIAS_SCALE109':
	  (final_adder_add_275_32, final_addInfo    : AcceptInfo    : Accepted resource sharing opportunity. [RTLOPT-30]
        : Merged the following sets of instances in 'CDN_DP_region_1605_c3 in mlp_inference_N_IN8_N_HIDDEN8_N_OUT4_IN_WIDTH8_W_WIDTH8_ACC_WIDTH32_SCORE_WIDTH32_HIDDEN_BIAS_SCALE85_OUTPUT_BIAS_SCALE109':
	  (inc_add_302_50, inc_add_281_64, iInfo    : Accepted resource sharing opportunity. [RTLOPT-30]
        : Merged Info    : Accepted resource sharing opportunity. [RTLOPT-30]
        : Merged the following sets of instances in 'CDN_DP_region_1605_c4 in mlp_inference_N_IN8_N_HIDDEN8_N_OUT4_IN_WIDTH8_W_WIDTH8_ACC_WIDTH32_SCORE_WIDTH32_HIDDEN_BIAS_SCALE85_OUTPUT_BIAS_SCALE109':
	  (csa_tree_add_239_32, csa_tree_addInfo    : Accepted resource sharing opportunity. [RTLOPTInfo    : Accepted resource sharing opportunity. [RTLOPT-30]
        : Merged the following sets of instances in 'CDN_DP_region_1605_c4 in mlp_inference_N_IN8_N_HIDDEN8_N_OUT4_IN_WIDTH8_W_WIDTH8_ACC_WIDTH32_SCORE_WIDTH32_HIDDEN_BIAS_SCALE85_OUTPUT_BIAS_SCALE109':
	  (final_adder_add_251_33, final_addInfo    : AcceptInfo    : Accepted resource sharing opportunity. [RTLOPT-30]
        : Merged the following sets of instances in 'CDN_DP_region_1605_c4 in mlp_inference_N_IN8_N_HIDDEN8_N_OUT4_IN_WIDTH8_W_WIDTH8_ACC_WIDTH32_SCORE_WIDTH32_HIDDEN_BIAS_SCALE85_OUTPUT_BIAS_SCALE109':
	  (final_adder_add_275_32, final_addInfo    : AcceptInfo    : Accepted resource sharing opportunity. [RTLOPT-30]
        : Merged the following sets of instances in 'CDN_DP_region_1605_c4 in mlp_inference_N_IN8_N_HIDDEN8_N_OUT4_IN_WIDTH8_W_WIDTH8_ACC_WIDTH32_SCORE_WIDTH32_HIDDEN_BIAS_SCALE85_OUTPUT_BIAS_SCALE109':
	  (inc_add_302_50, inc_add_281_64, iInfo    : Accepted resource sharing opportunity. [RTLOPT-30]
        : Merged Info    : Done implementing datapath configurations. [DPOPT-4]
        : Selected 'very_fast' configuration 4 for module 'CDN_DP_region_1605'.
          Optimizations applied to 'very_fast' configuration:
            rewriting(0), factoring(0), sharing(7), cmultcse(0), downsizing(0), speculation(0)
Info    : Implementing datapath configurations. [DPOPT-3]
        : Implementing datapath configurations for 'CDN_DP_region_1607'
Info    : Done implementing datapath configurations. [DPOPT-4]
        : Selected 'very_fast' configuration 4 for module 'CDN_DP_region_1607'.
          Optimizations applied to 'very_fast' configuration:
            rewriting(0), factoring(0), sharing(0), cmultcse(0), downsizing(0), speculation(0)
Info    : Implementing datapath configurations. [DPOPT-3]
        : Implementing datapath configurations for 'CDN_DP_region_1606'
Info    : Done implementing datapath configurations. [DPOPT-4]
        : Selected 'very_fast' configuration 4 for module 'CDN_DP_region_1606'.
          Optimizations applied to 'very_fast' configuration:
            rewriting(1), factoring(0), sharing(0), cmultcse(0), downsizing(0), speculation(0)
Info    : Implementing datapath configurations. [DPOPT-3]
        : Implementing datapath configurations for 'CDN_DP_region_1604'
Info    : Done implementing datapath configurations. [DPOPT-4]
        : Selected 'very_fast' configuration 4 for module 'CDN_DP_region_1604'.
          Optimizations applied to 'very_fast' configuration:
            rewriting(0), factoring(0), sharing(0), cmultcse(0), downsizing(0), speculation(0)
Info    : Implementing datapath configurations. [DPOPT-3]
        : Implementing datapath configurations for 'CDN_DP_region'
Info    : Done implementing datapath configurations. [DPOPT-4]
        : Selected 'very_fast' configuration 4 for module 'CDN_DP_region'.
          Optimizations applied to 'very_fast' configuration:
            rewriting(0), factoring(0), sharing(0), cmultcse(0), downsizing(0), speculation(0)
Info    : Done optimizing datapath logic. [DPOPT-2]
        : Done optimizing datapath logic in 'bmi_chip_top'.
Info    : Replacing the synchronous part of an always feeding back flip-flop with a logic constant. [GLO-45]
        : The instance is 'u_fmt/grp_enabling_instsi/packet_data_reg[66]'. The constant is '0'.
        : To prevent this optimization, set 'optimize_constant_feedback_seqs' root attribute to Info    : Replacing the synchronous part of an always feeding back flip-flop with a logic constant. [GLO-45]
        : The instance is 'u_fmt/grp_enabling_instsi/packet_data_reg[66]'. The constant is '0'.
        : To prevent this optimization, set 'optimize_constant_feedback_seqs' root attribute tInfo    : Replacing the synchronous part of an always feeding back flip-flop with a logic constant. [GLO-45]
        : The instance is 'u_fmt/grp_enabling_instsi/packet_data_reg[68]'. The constant is '0'.
Info    : Replacing the synchronous part of an always feeding back flip-flop with a logic constaInfo    : Replacing the synchronous part of an always feeding back flip-flop with a logic constant. [GLO-45]
Info    : Replacing the synchronous part of an always feeding back flip-flop with a logic constant. [GLO-45]
        : The instance is 'u_fmt/grp_enabling_instsi/packet_data_reg[70]'. The constant is '0'.
Info    : Replacing the synchronous part of an always feeding back flip-flop with a logic constaInfo    : Replacing the synchronous part of an always feeding back flip-flop with a logic constant. [GLO-45]
        : The instance is 'u_fmt/grp_enabling_instsi/packet_data_reg[70]'. The constant is '0'.
Info    : Replacing the synchronous part of an always feeding back flip-flop with a logic constant. [GLO-45]
        : The instance is 'u_fmt/grp_enabling_instsi/packet_data_reg[71]'. The constant is '0'.
Info    : Replacing the synchronous part of an always feeding back flip-flop with a logic constant. [GLO-45]
        : The instance is 'u_fmt/grp_enabling_instsi/packet_data_reg[72]'. The constant is '0'.
Info    : Replacing the synchronous part of an always feeding back flip-flop with a logic constant. [GLO-45]
        : The instance is 'u_fmt/grp_enabling_instsi/packet_data_reg[74]'. The constant is '0'.
Info    : Replacing the synchronous part of an always feeding back flip-flop with a logic constant. [GLO-45]
Current PLE settings:

Aspect ratio        : 1.00
Shrink factor       : 1.00
Scale of res/length : 1.00
Scale of cap/length : 1.00
Net derating factor : 1.00
Thermal factor      : 1.00
Via Resistance      : 0.00 ohm (from default)
Site size           : 1.91 um (from lef [tech+cell])

                                   Capacitance  
  Layer                             / Length         Data source:
Name        Direction Utilization  (pF/micron)       lef_library
------------------------------------------------
Metal1          H         0.00        0.000412  
Metal2          V         1.00        0.000416  
Metal3          H         1.00        0.000416  
Metal4          V         1.00        0.000416  
Metal5          H         1.00        0.000416  
Metal6          V         1.00        0.000416  
Metal7 Metal1          H         0.00        0.00Metal8          V         1.00        0.000416  
Metal9          H         1.00        0.000416  
Metal10         V         1.00        0.000444  
Metal11         H         1.00        0.000444  

                                    Resistance   
  Layer                              / Length         Data source:
Name        Direction Utilization  (ohm/micron)       lef_library
-------------------------------------------------
Metal1          H         0.00         1.226667  
Metal2          V         1.00         0.755000  
Metal3          H         1.00         0.755000  
Metal4          V         1.00         0.755000  
Metal5          H         1.00         0.755000  
Metal6          V         1.00         0.755000  
Metal7          H         1.00         0.755000  
Metal8          V         1.00         0.267500  
Metal9          H         1.00         0.267500  
Metal10         V         1.00         0.097273  
Metal11         H         1.00         0.095455  

                                        Area     
  Layer                               / Length        Data source:
Name        Direction Utilization     (micron)        lef_library
-------------------------------------------------
Metal1          H         0.00         0.060000  
Metal2          V         1.00         0.080000  
Metal3          H         1.00         0.080000  
Metal4          V         1.00         0.080000  
Metal5          H         1.00         0.080000  
Metal6          V         1.00         0.080000  
Metal7          H         1.00         0.080000  
Metal8          V         1.00         0.080000  
Metal9          H         1.00         0.080000  
Metal10         V         1.00         0.220000  
Metal11         H         1.00         0.220000  

Mapper: Libraries have:
	domain _default_: 324 combo usable cells and 128 sequential usable cells
Multi-threaded constant propagation [1|0] ...
Info    : Replacing a flip-flop with a logic constant 0. [GLO-12]
        : The instance is 'u_fmt/packet_data_reg[78]'.
Info    : Replacing a flip-flop with a logic constant 0. [GLO-12]
        : The instance is 'u_fmt/packet_data_reg[76]'.
Info    : Replacing a flip-flop with a logic constant 0. [GInfo    : Replacing a flip-flop with a logic constant 0. [GLO-12]
        : The instance is 'u_fmt/packet_data_reg[78]'.
Info    : Replacing a flip-flop with a logic constant 0. [GLO-12]
        : The instance is 'u_fmt/packet_data_reg[76]'.
Info    : Replacing a flip-flop with a logic constant 0. [GLO-12]
        : The instance is 'u_fmt/packet_data_reg[74]'.
Info    : Replacing a flip-flop with a logic constant 0. [GLO-12]
        : The instance is 'u_fmt/packet_data_reg[72]'.
Info    : Replacing a flip-flop with a logic constant 0. [GLO-Info    : Replacing a flip-flop with a logic constant 0. [GLO-12]
        : The instance is 'u_fmt/packet_data_reg[68]'.
Info    : Replacing a flip-flop with a logic constant 0. [GLO-12]
        : The instance is 'u_fmt/packet_data_reg[67]'.
Info    : Replacing a flip-flop with a logic constant 0. [GInfo    : Replacing a flip-flop with a logic constant 0. [GLO-Info    : Replacing the synchronous part of an always feeding back flip-flop with a logic constant. [GLO-45]
        : The instance is 'u_mlp/hidden_act_reg[7][31]'. The constant is '0'.
Info    : Replacing the synchronous part of an always feeding back flip-flop with a logic constant. [GLO-45]
        : The instance is 'u_mlp/hidden_act_reg[6][31]'. The constant is '0'.
Info    : Replacing the synchronous part of an always feeding back flip-flop with a logic constant. [GLO-45]
     Info    : Replacing the synchronous part of an always feeding back flip-flop with a logic constant. [GLO-45]
        : The instance is 'u_mlp/hidden_act_reg[6][31]'. The constant is '0'.
Info    : Replacing the synchronous part of an always feeding back flip-flop with a logic constant. [GLO-45]
        : The instance is 'u_mlp/hidden_act_reg[5][31]'. The constant is '0'.
Info    : Replacing the synchronous part of an always feeding back flip-flop with a logic constant. [GLO-45]
        : The instance is 'u_mlp/hidden_act_reg[4][31]'. The constant is '0'.
Info    : Replacing the synchronous part of an always feeding back flip-flop with a logic constant. [GLO-45]
        : The instance is 'u_mlp/hidden_act_reg[3][31]'. The constant is '0'.
Info    : Replacing the synchronous part of an always feeding back flip-flop with a logic constant. [GLO-45]
        : The instance is 'u_mlp/hidden_act_reg[2][31]'. The constant is '0'.
Info    : Replacing the synchronous part of an always feeding back flip-fInfo    : Replacing a flip-flop with a logic constant 0. [GLO-12]
        : The instance is 'u_mlp/hidden_act_reg[7][31]'.
Info    : Replacing a flip-flop with a logic constant 0. [GLO-12]
        : The instance is 'u_mlp/hidden_act_reg[6][31]'.
Info    : Replacing a flip-flop with a logic constant 0. [GLO-12]
        : The instance is 'u_mlp/hidden_act_reg[5][31]'.
Info    : Replacing a flip-flop with a logic constant 0Info    : Replacing a flip-flop with a logic constant 0. [GLO-12]
        : The instance is 'u_mlp/hidden_act_reg[6][31]'.
Info    : Replacing a flip-flop with a logic constant 0. [GLO-12]
        : The instance is 'u_mlp/hidden_act_reg[5][31]'.
Info    : Replacing a flip-flop with a logic constant 0. [GLO-12]
        : The instance is 'u_mlp/hidden_act_reg[4][31]'.
Info    : Replacing a flip-flop with a logic constant 0. [GLO-12]
        : The instance is 'u_mlp/hidden_act_reg[3][31]'.
Info    : Replacing a flip-flop with a logic constant 0. [GLO-12]
  Info    : Deleting instances not driving any primary outputs. [GLO-34]
        : Deleting 18 sequential instances.
Info    : Deleting instances not driving any primary outputs. [GLO-34]
        : Deleting 3 sequential instances.
Multi-threaded Virtual Mapping    (8 threads per ST process, 8 of 8 CPUs usable)
 
Global mapping target info
==========================
Cost Group 'clk' target slack:   446 ps
Target path end-point (Pin: u_frontend/deviation_sum_reg[0][14]/d)

Cost Group 'scan_clk' target slack:  1046 ps
Target path end-point (Pin: u_mlp/scan_bit_count_reg[9]/d)

PBS_Generic_Opt-Post - Elapsed_Time 28, CPU_Time 28.576472000000003
stamp 'PBS_Generic_Opt-Post' being created for table 'pbs_debug'

  Total Time (Wall) |  Stage Time (Wall)  |   % (Wall)   |    Date - Time     |  Memory   | Stage
--------------------+---------------------+--------------+--------------------+-----------+----------------------
 00:00:06(00:00:04) |  00:00:00(00:00:00) |   0.0(  0.0) |   14:40:23 (Sep01) |  295.7 MB | PBS_Generic-Start
--------------------+---------------------+--------------+--------------------+-----------+----------------------
 00:00:34(00:00:32) |  00:00:28(00:00:28) | 100.0(100.0) |   14:40:51 (Sep01) |  340.4 MB | PBS_Generic_Opt-Post
--------------------+---------------------+--------------+------------------------------------+-------------------Number of threads: 8 * 1   (id: pbs_debug, time_info v1.57)
Info: (*N*) indicates data that was populated from previously saved time_info database
Info: CPU time includes time of parent + longest thread
PBS_Generic-Postgen HBO Optimizations - Elapsed_Time 0, CPU_Time 0.0
stamp 'PBS_Generic-Postgen HBO Optimizations' being created for table 'pbs_debug'

  Total Time (Wall) |  Stage Time (Wall)  |   % (Wall)   |    Date - Time     |  Memory   | Stage
--------------------+---------------------+--------------+--------------------+-----------+----------------------
 00:00:06(00:00:04) |  00:00:00(00:00:00) |   0.0(  0.0) |   14:40:23 (Sep01) |  295.7 MB | PBS_Generic-Start
--------------------+---------------------+--------------+--------------------+-----------+----------------------
 00:00:34(00:00:32) |  00:00:28(00:00:28) | 100.0(100.0) |   14:40:51 (Sep01) |  340.4 MB | PBS_Generic_Opt-Post
--------------------+---------------------+--------------+--------------------+-----------+----------------------
 00:00:34(00:00:32) |  00:00:00(00:00:00) |   0.0(  0.0) |   14:40:51 (Sep01) |  340.4 MB | PBS_Generic-Postgen HBO Optimizations
--------------------+---------------------+--------------+--------------------+-----------+----------------------
Number of threads: 8 * 1   (id: pbs_debug, time_info v1.5 00:00:34(00:00:32) |  00:00:00(00:00:00) |   0.0(  0.0) |   14:40:51 (Sep01) |  340.4 MB Info: CPU time includes time of parent + longest thread
##>=================== Cadence Confidential (Generic-Logical) ===================
##>Main Thread Summary:
##>----------------------------------------------------------------------------------------
##>STEP                           Elapsed       WNS       TNS     Insts      Area    Memory
##>--------##>=================== Cadence Confidential (Generic-Logical) ===================
##>Main Thread Summary:
##>----------------------------------------------------------------------------------------
##>STEP                           Elapsed       WNS       TNS     Insts      Area    Memory
##>----------------------------------------------------------------------------------------
##>G:Initial                            1         -         -     12076     50945       295
##>G:Setup                              0         -         -         -         -         -
##>G:Launch ST                          0         -         -         -         -         -
##>G:Design Partition                   0         -         -         -         -         -
##>G:Create Partition Netlists          0         -         -         -         -         -
##>G:Init Power                         0         -         -         -         -         -
##>G:Budgeting                          0         -         -         -         -         -
##>G:Derenv-DB                          0         -         -         -         -         -
##>G:Debug Outputs                      0         -         -         -         -         -
##>G:ST loading                         0         -         -         -         -         -
##>G:Distributed                        0         -         -         -         -         -
##>G:Timer                              0         -         -         -         -         -
##>G:Assembly                           0         -         -         -         -         -
##>G:DFT                                0         -         -         -         -         -
##>G:Const Prop                         0         -        
======================= Sequential Deletion Report =============================
   Reason      Instance Name
-----------------------------
constant 0     u_frontend/sbp_features_reg[7][7]
constant 0     u_frontend/sbp_features_reg[6][7]
constant 0     u_frontend/sbp_features_reg[5][7]
constant 0   
======================= Sequential Deletion Report =============================
   Reason      Instance Name
-----------------------------
constant 0     u_frontend/sbp_features_reg[7][7]
constant 0     u_frontend/sbp_features_reg[6][7]
constant 0     u_frontend/sbp_features_reg[5][7]
constant 0     u_frontend/sbp_features_reg[4][7]
constant 0     u_frontend/sbp_features_reg[3][7]
constant 0     u_frontend/sbp_features_reg[2][7]
constant 0     u_frontend/sbp_features_reg[1][7]
constant 0     u_frontend/sbp_features_reg[0][7]
constant 0(*)  u_fmt/packet_data_reg[78]
constant 0(*)  u_fmt/packet_data_reg[76]
constant 0(*)  u_fmt/packet_data_reg[74]
constant 0(*)  u_fmt/packet_data_reg[72]
constant 0(*)  u_fmt/packet_data_reg[71]
constant 0(*)  u_fmt/packet_data_reg[70]
constant 0(*)  u_fmt/packet_data_reg[69]
constant 0(*)  u_fmt/packet_data_reg[68]
constant 0(*)  u_fmt/packet_data_reg[67]
constant 0(*)  u_fmt/packet_data_reg[66]
constant 0     u_mlp/hidden_act_reg[7][31]
constant 0     u_mlp/hidden_act_reg[6][31]
constant 0     u_mlp/hidden_act_reg[5][31]
constant 0     u_mlp/hidden_act_reg[4][31]
constant 0     u_mlp/hidden_act_reg[3][31]
constant 0     u_mlp/hidden_act_reg[2][31]
constant 0     u_mlp/hidden_act_reg[1][31]
constant 0     u_mlp/hidden_act_reg[0][31]
unloaded       u_fmt_packet_data_reg[66]
unloaded       u_fmt_packet_data_reg[67]
unloaded       u_fmt_packet_data_reg[68]
unloaded       u_fmt_packet_data_reg[69]
unloaded       u_fmt_packet_data_reg[70]
unloaded       u_fmt_packet_data_reg[71]
unloaded       u_fmt_packet_data_reg[72]
unloaded       u_fmt_packet_data_reg[74]
unloaded       u_fmt_packet_data_reg[76]
unloaded       u_fmt_packet_data_reg[78]
merged         u_fmt_packet_data_reg[75] merged with u_fmt_packet_data_reg[73]
merged         u_fmt_packet_data_reg[77] merged with u_fmt_packet_daInfo    : Done synthesizing. [SYNTH-2]
        : Done synthesizing 'bmi_chip_top' to generic gates.
     flow.cputime  flow.realtime  timing.setup.tns  timing.setup.wns  snapshot
UM:            35             30                                      syn_generic
@file(syn.tcl) 34: syn_map
Current PLE settings:

Aspect ratio        : 1.00
Shrink factor       : 1.00
Scale of res/length : 1.00
Scale of cap/length : 1.00
Net derating factor : 1.00
Thermal factor      : 1.00
Via Resistance      : 0.00 ohm (from default)
Site size           : 1.91 um (from lef [tech+cell])

                                   Capacitance  
  Layer                             / Length         Data source:
Name        Direction Utilization  (pF/micron)       lef_library
------------------------------------------------
Metal1          H         0.00        0.000412  
Metal2          V         1.00        0.000416  
Metal3          H         1.00        0.000416  
Metal4          V         1.00        0.000416  
Metal5          H         1.00        0.000416  
Metal6          V         1.00        0.000416  
Metal7 Metal1          H         0.00        0.00Metal8 Metal2          V         1.00        0.00Metal9          H         1.00        0.000416  
Metal10         V         1.00        0.000444  
Metal11         H         1.00        0.000444  

                                    Resistance   
  Layer                              / Length         Data source:
Name        Direction Utilization  (ohm/micron)       lef_library
-------------------------------------------------
Metal1          H         0.00         1.226667  
Metal2          V                                 Metal3          H         1.00         0.755000  
Metal4          V         1.00         0.755000  
Metal5          H         1.00         0.755000  
Metal6          V         1.00         0.755000  
Metal7          H         1.00         0.755000  
Metal8          V         1.00         0.267500  
Metal9          H         1.00         0.267500  
Metal10         V         1.00         0.097273  
MMetal5          H         1.00         0.755000  
Metal6          V         1.00         0.755000  
Metal7          H         1.00         0.755000  
Metal8          V         1.00         0.267500  
Metal9          H         1.00         0.267500  
Metal10         V         1.00         0.097273  
Metal11         H         1.00         0.095455  

                                        Area     
  Layer                               / Length        Data source:
Name        DirMetal5          H         1.00         0.080000  
Metal6          V         1.00         0.080000  
Metal7          H         1.00         0.080000  
Metal8          V         1.00         0.080000  
Metal9          H         1.00         0.080000  
Metal10         V         1.00         0.220000  
MMetal5          H         1.00         0.080000  
Info    : Mapping. [SYNTH-4]
        : Mapping 'bmi_chip_top' using 'high' effort.
Mapper: Libraries have:
	domain _default_: 324 combo usable cells and 128 sequential usable cells
PBS_TechMap-Start - Elapsed_Time 0, CPU_Time 0.0
stamp 'PBS_TechMap-Start' being created for table 'pbs_debug'

  Total Time (Wall) |  Stage Time (Wall)  |   % (Wall)   |    Date - Time     |  Memory   | Stage
--------------------+---------------------+--------------+--------------------+-----------+----------------------
 00:00:06(00:00:04) |  00:00:00(00:00:00) |   0.0(  0.0) |   14:40:23 (Sep01) |  295.7 M
  Total Time (Wall) |  Stage Time (Wall)  |   % (Wall)   |    Date - Time     |  Memory   | Stage
--------------------+---------------------+--------------+--------------------+-----------+----------------------
 00:00:06(00:00:04) |  00:00:00(00:00:00) |   0.0(  0.0) |   14:40:23 (Sep01) |  295.7 MB | PBS_Generic-Start
--------------------+------------------- 00:00:34(00:00:32) |  00:00:00(00:00:00) |   0.0(  0.0) |   14:40:51 (Sep01) |  340.4 MB | PBS_Generic-Postgen HBO Optimizations
--------------------+---------------------+--------------+--------------------+-----------+----------------------
 00:00:35(00:00:33) |  00:00:01(00:00:01) |   3.4(  3.4) |   14:40:52 (Sep01) |  340.4 MB | PBS_TechMap-Start
--------------------+---------------------+--------------+--------------------+-----------+----------------------
Number of threads: 8 * 1   (id: pbs_debug, time_info v1.57)
Info: (*N*) indic 00:00:35(00:00:33) |  00:00:01(00:00:01) |   3.4(  3.4) |   14:40:52 (Sep01) |  340.4 MB | PBS_TechMap-Start
----------------PBS_TechMap-Premap HBO Optimizations - Elapsed_Time 0, CPU_Time 0.0
stamp 'PBS_TechMap-Premap HBO Optimizations' being created for table 'pbs_debug'

  Total Time (Wall) |  Stage Time (Wall)  |   % (Wall)   |    Date - Time     |  Memory   | Stage
--------------------+---------------------+--------------+--------------------+-----------+----------------------
 00:00:06(00:00:04) |  00:00:00(00:00:00) |   0.0(  0.0) |   14:40:23 (Sep01) |  295.7 M
  Total Time (Wall) |  Stage Time (Wall)  |   % (Wall)   |    Date - Time     |  Memory   | Stage
--------------------+---------------------+--------------+--------------------+-----------+----------------------
 00:00:06(00:00:04) |  00:00:00(00:00:00) |   0.0(  0.0) |   14:40:23 (Sep01) |  295.7 MB | PBS_Generic-Start
--------------------+---------------------+--------------+--------------------+-----------+----------------------
 00:00:34(00:00:32) |  00:00:28(00:00:28) |  96.6( 96.6) |   14:40:51 (Sep01) |  340.4 MB | PBS_Generic_Opt-Post
--------------------+---------------------+-------------- 00:00:35(00:00:33) |  00:00:01(00:00:01) |   3.4(  3.4) |   14:40:52 (Sep01) |  340.4 MB | PBS_TechMap-Start
--------------------+---------------------+--------------+--------------------+-----------+----------------------
 00:00:35(00:00:33) |  00:00:00(00:00:00) |   0.0(  0.0) |   14:40:52 (Sep01) |  340.4 MB | PBS_TechMap-Premap HBO Optimizations
--------------------+---------------------+--------------+--------------------+-----------+----------------------
Number of threads: 8 * 1   (id: pbs_debug, time_info v1.57 0Info: (*N*) indicates data that was populated from previously saved time_info database
Info: CPU time includes time of parent + longest thread
Info    : Partition Based Synthesis execution skipped. [PHYS-752]
        : Design size is less than the partition size '100000' for distributed mapping optimization to kick in.
Current PLE settings:

Aspect ratio        : 1.00
Shrink factor       : 1.00
Scale of res/length : 1.00
Scale of cap/lengthInfo    : Partition Based Synthesis execution skipped. [PHYS-752]
        : Design size is less than the partition size '100000' for distributed mapping optimization to kick in.
Current PLE settings:

Aspect ratio        : 1.00
Shrink factor       : 1.00
Scale of res/length : 1.00
Scale of cap/length : 1.00
Net derating factor : 1.00
Thermal factor      : 1.00
Via Resistance      : 0.00 ohm (from default)
Site size           : 1.91 um (from lef [tech+cell])

                                   Capacitance  
  Layer                             / Length         Data source:
Name        Direction Utilization  (pF/micron)       lef_library
------------------------------------------------
Metal1          H         0.00        0.000412  
Metal2          V         1.00        0.000416  
Metal3          H         1.00        0.000416  
Metal4          V         1.00        0.000416  
Metal5          H         1.00        0.000416  
Metal6          V         1.00        0.000416  
Metal7          H         1.00        0.000416  
Metal8          V         1.00        0.000416  
Metal9          H         1.00        0.000416  
Metal10         V         1.00        0.000444  
Metal11         H         1.00        0.000444  

                                    Resistance   
  Layer                              / Length         Data source:
Name        Direction Utilization  (ohm/micron)       lef_library
-------------------------------------------------
Metal1          H         0.00         1.226667  
Metal2          V         1.00         0.755000  
Metal3          H         1.00         0.755000  
Metal4          V         1.00         0.755000  
Metal5          H         1.00         0.755000  
Metal6          V         1.00         0.755000  
Metal7          H         1.00         0.755000  
Metal8          V         1.00         0.267500  
Metal9          H         1.00         0.267500  
Metal10         V         1.00         0.097273  
Metal11         H         1.00         0.095455  

                                        Area     
  Layer                               / Length        Data source:
Name        Direction Utilization     (micron)        lef_library
-------------------------------------------------
Metal1          H         0.00         0.060000  
Metal2          V         1.00         0.080000  
Metal3          H         1.00         0.080000  
Metal4          V         1.00         0.080000  
Metal5          H         1.00         0.080000  
Mapper: Libraries have:
	domain _default_: 324 combo usable cells and 128 sequential usable cells
Multi-threaded Virtual Mapping    (8 threads per ST process, 8 of 8 CPUs usable)
 
Global mapping target info
==========================
Cost Group 'clk' target slack:   596 ps
Target path end-point (Pin: u_mlp_acc_reg[31]/d)

Cost Group 'scan_clk' target slack:  1046 ps
Target path end-point (Pin: u_mlp_scan_bit_count_reg[9]/d)

Multi-threaded Technology Mapping (8 threads per ST process, 8 of 8 CPUs usable)
 
Global mapping status
=====================
                                   Group   
                                  Tot Wrst 
                           Total  Weighted 
Operation                   Area   Slacks  
-------------------------------------------------------------------------------
 global_map                31402        0 

    Cost Group            Target    Slack    Diff.  Constr.
-----------------------------------------------------------
           clk               596     6313             200------------------------------------------------------------------ 
Global incremental target info
==============================
Cost Group 'clk' target slack:   394 ps
Target path end-point (Pin: u_argmax_predicted_class_reg[0]/SI (SDFFRHQX1/SI))

Cost Group 'scan_clk' target slack:   696 ps
Target path end-point (Pin: u_mlp_scan_bit_count_reg[9]/D (DFFHQX1/D))

 
Global incremental optimization status
======================================
                                   Group   
                                  Tot Wrst 
                           Total  Weighted 
Operation                   Area   Slacks  
-------------------------------------------------------------------------------
 global_incr               29406        0 

    Cost Group            Target    Slack    Diff.  Constr.
-----------------------------------------------------------
           clk               394     6182             20000 
      scan_clk               696    36896             40000 

PBS_Techmap-Global Mapping - Elapsed_Time 34, CPU_Time 34.33354199999999
stamp 'PBS_Techmap-Global Mapping' being created for table 'pbs_debug'

  Total Time (Wall) |  Stage Time (Wall)  |   % (Wall)   |    Date - Time     |  Memory   | Stage
--------------------+---------------------+--------------+--------------------+-----------+----------------------
 00:00:06(00:00:04) |  00:00:00(00:00:00) |   0.0(  0.0) |   14:40:23 (Sep01) |  295.7 MB | PBS_Generic-Start
--------------------+---------------------+--------------+--------------------+-----------+----------------------
 00:00:34(00:00:32) |  00:00:28(00:00:28) |  44.7( 44.4) |   14:40:51 (Sep01) |  340.4 MB | PBS_Generic_Opt-Post
--------------------+---------------------+--------------+--------------------+-----------+----------------------
 00:00:34(00:00:32) |  00:00:00(00:00:00) |   0.0(  0.0) |   14:40:51 (Sep01) |  340.4 MB | PBS_Generic-Postgen HBO Optimizations
--------------------+---------------------+--------------+--------------------+-----------+----------------------
 00:00:35(00:00:33) |  00:00:01(00:00:01) |   1.6(  1.6) |   14:40:52 (Sep01) |  340.4 MB | PBS_TechMap-Start
--------------------+---------------------+--------------+--------------------+-----------+----------------------
 00:00:35(00:00:33) |  00:00:00(00:00:00) |   0.0(  0.0) |   14:40:52 (Sep01) 00:00:35(00:00:33) |  00:00:01(00:00:01) |   1.6(  1.6) |   14:40:52 (Sep01) |  340.4 MB | PBS_TechMap-Start
--------------------+---------------------+------------- 00:01:09(00:01:07) |  00:00:34(00:00:34) |  53.7( 54.0) |   14:41:26 (Sep01) |  339.2 MB | PBS_Techmap-Global Mapping
--------------------+---------------------+--------------+--------------------+-----------+----------------------
Number of threads: 8 * 1   (id: pbs_debug, time_info v1.57)
Info: (*N*) indicates data that was populated from previously saved time_info database
Info: CPU time includes time of parent + longest thread
Info    : Wrote formal verification information. [CFM-5]
        : Wrote 'fv/bmi_chip_top/fv_map.fv.json' for netlist 'fv/bmi_chip_top/fv_map.v.gz'.
Info    : Existing dofile found. Copied as fv/bmi_chip_top/rtl_to_fv_map.do~.
Info    : Wrote dofile. [CFM-1]
        : Dofile is 'fv/bmi_chip_top/rtl_to_fv_map.do'.
PBS_TechMap-Datapath Postmap Operations - Elapsed_Time 1, CPU_Time 1.0
stamp 'PBS_TechMap-Datapath Postmap Operations' being created for table 'pbs_debug'

  Total Time (Wall) |  Stage Time (Wall)  |   % (Wall)   |    Date - Time     |  Memory   | Stage
--------------------+---------------------+--------------+--------------------+-----------+----------------------
 00:00:06(00:00:04) |  00:00:00(00:00:00) |   0.0(  0.0) |   14:40:23 (Sep01) |  295.7 MB | PBS_Generic-Start
--------------------+---------------------+--------------+--------------------+-----------+----------------------
 00:00:34(00:00:32) |  00:00:28(00:00:28) |  44.0( 43.8) |   14:40:51 (Sep01) |  340.4 MB | PBS_Generic_Opt-Post
--------------------+---------------------+--------------+--------------------+-----------+----------------------
 00:00:34(00:00:32) |  00:00:00(00:00:00) |   0.0(  0.0) |   14:40:51 (Sep 00:00:34(00:00:32) |  00:00:28(00:00:28) |  44.0( 43.8) |   14:40:51 (Sep01) |  340.4 MB | PBS_Generic_Opt-Post
--------------------+---------------------+-------------- 00:00:35(00:00:33) |  00:00:01(00:00:01) |   1.5(  1.6) |   14:40:52 (Sep01) |  340.4 MB | PBS_TechMap-Start
--------------------+---------------------+--------------+--------------------+-----------+----------------------
 00:00:35(00:00:33) |  00:00:00(00:00:00) |   0.0(  0.0) |   14:40:52 (Sep01) |  340.4 MB | PBS_TechMap-Premap HBO Optimizations
--------------------+---------------------+--------------+--------------------+-----------+----------------------
 00:01:09(00:01:07) |  00:00:34(00:00:34) |  52.9( 53.1) | 00:00:35(00:00:33) |  00:00:00(00:00:00) |   0.0(  0.0) |   14:40:52 (Sep01) |  340.4 MB | PBS_TechMap-Premap HBO Optimizations
--------------------+---------------------+--- 00:01:10(00:01:08) |  00:00:01(00:00:01) |   1.5(  1.6) |   14:41:27 (Sep01) |  339.2 MB | PBS_TechMap-Datapath Postmap Operations
--------------------+---------------------+--------------+--------------------+-----------+----------------------
Number of threads: 8 * 1   (id: pbs_debug, time_info v1.57)
Info: (*N*) indicates data that was populated from previously saved time_info database
Info: CPU time includes time of parent + longest thread
PBS_TechMap-Postmap HBO Optimizations - Elapsed_Time 1, CPU_Time 0.0
stamp 'PBS_TechMap-Postmap HBO Optimizations' being created for table 'pbs_debug'

  Total Time (Wall) |  Stage Time (Wall)  |   % (Wall)   |    Date - Time     |  Memory   | Stage
--------------------+---------------------+--------------+--------------------+-----------+----------------------
 00:00:06(00:00:04) |  00:00:00(00:00:00) |   0.0(  0.0) |   14:40:23 (Sep01) |  295.7 M
  Total Time (Wall) |  Stage Time (Wall)  |   % (Wall)   |    Date - Time     |  Memory   | Stage
--------------------+---------------------+--------------+--------------------+-----------+----------------------
 00:00:06(00:00:04) |  00:00:00(00:00:00) |   0.0(  0.0) |   14:40:23 (Sep01) |  295.7 MB | PBS_Generic-Start
--------------------+------------------- 00:00:34(00:00:32) |  00:00:00(00:00:00) |   0.0(  0.0) |   14:40:51 (Sep01) |  340.4 MB | PBS_Generic-Postgen HBO Optimizations
--------------------+---------------------+--------------+--------------------+-----------+----------------------
 00:00:35(00:00:33) |  00:00:01(00:00:01) |   1.5(  1.5) |   14:40:52 (Sep01) |  340.4 MB | PBS_TechMap-Start
--------------------+---------------------+--------------+--------------------+-----------+----------------------
 00:00:35(00:00:33) |  00:00:00(00:00:00) |   0.0(  0.0) |   14:40:52 (Sep01) 00:00:35(00:00:33) |  00:00:01(00:00:01) |   1.5(  1.5) |   14:40:52 (Sep01) |  340.4 MB | PBS_TechMap-Start
--------------------+---------------------+------------- 00:01:09(00:01:07) |  00:00:34(00:00:34) |  52.9( 52.3) | 00:00:35(00:00:33) |  00:00:00(00:00:00) |   0.0(  0.0) |   14:40:52 (Sep01) |  340.4 MB | PBS_TechMap-Premap HBO Optimizations
--------------------+---------------------+--- 00:01:10(00:01:08) |  00:00:01(00:00:01) |   1.5(  1.5) |   14:41:27 (Sep01) |  339.2 MB | PBS_TechMap-Datapath Postmap Operations
--------------------+---------------------+--------------+--------------------+-----------+----------------------
 00:01:10(00:01:09) |  00:00:00(00:00:01) |   0.0(  1.5) |   14:41:28 (Sep01) |  339.2 MB | PBS_TechMap-Postmap HBO Optimizations
--------------------+---------------------+--------------+--------------------+-----------+----------------------
Number of threads: 8 * 1   (id: pbs_debug, time_info v1.57)
Info: (*N*) indicates data that was populated from previously saved time_info database
Info: CPU time includes time of parent + longest thread
 Doing ConstProp on design:bmi_chip_top ... 

PBS_TechMap-Postmap Clock Gating - Elapsed_Time 0, CPU_Time 0.0
stamp 'PBS_TechMap-Postmap Clock Gating' being created for table 'pbs_debug'

  Total Time (Wall) |  Stage Time (Wall)  |   % (Wall)   |    Date - Time     |  Memory   | Stage
--------------------+---------------------+--------------+--------------------+-----------+----------------------
 00:00:06(00:00:04) |  00:00:00(00:00:00) |   0.0(  0.0) |   14:40:23 (Sep01) |  295.7 MB | PBS_Generic-Start
--------------------+---------------------+--------------+--------------------+-----------+----------------------
 00:00:34(00:00:32) |  00:00:28(00:00:28) |  44.0( 43.1) |   14:40:51 (Sep01) |  340.4 MB | PBS_Generic_Opt-Post
--------------------+---------------------+--------------+--------------------+-----------+----------------------
 00:00:34(00:00:32) |  00:00:00(00:00:00) |   0.0(  0.0) |   14:40:51 (Sep01) |  340.4 MB | PBS_Generic-Postgen HBO Optimizations
--------------------+---------------------+--------------+--------------------+-----------+----------------------
 00:00:35(00:00:33) |  00:00:01(00:00:01) |   1.5(  1.5)  00:00:34(00:00:32) |  00:00:00(00:00:00) |   0.0(  0.0) |   14:40:51 (Sep01) |  340.4 MB | PBS_Generic-Postgen HBO Optimizations
--------------------+---------------------+--------------+--------------------+-----------+----------------------
 00:00:35(00:00:33) |  00:00:01(00:00:01) |   1.5(  1.5) |   14:40:52 (Sep01) |  340.4 MB | PBS_TechMap-Start
--------------------+---------------------+------------- 00:01:09(00:01:07) |  00:00:34(00:00:34) |  52.9( 52.3) |   14:41:26 (Sep01) |  339.2 MB | PBS_Techmap-Global Mapping
--------------------+---------------------+--------------+--------------------+-----------+----------------------
 00:01:10(00:01:08) |  00:00:01(00:00:01) |   1.5(  1.5) |   14:41:2 00:01:09(00:01:07) |  00:00:34(00:00:34) |  52.9( 52.3) |   14:41:26 (Sep01) |  339.2 MB | PBS_Techmap-Global Mapping
--------------------+---------------------+--------------+--------------------+-----------+----------------------
 00:01:10(00:01:08) |  00:00:01(00:00:01) |   1.5(  1.5) |   14:41:27 (Sep01) |  339.2 MB | PBS_TechMap-Datapath Postmap Operations
--------------------+---------------------+-------------- 00:01:10(00:01:09) |  00:00:00(00:00:00) |   0.0(  0.0) |   14:41:28 (Sep01) |  339.2 MB | PBS_TechMap-Postmap Clock Gating
--------------------+---------------------+--------------+--------------------+-----------+----------------------
Number of threads: 8 * 1   (id: pbs_debug, time_info v1.57)
Info: (*N*) indicates data that was populated from previously saved time_info database
Info: CPU time includes time of parent + longest thread
 hi_fo_buf                 29401        0         0     14670        0       20

           Trick     Calls     Accepts   Attempts    Time(secs) 
-----------------------------------------------------------
       hi_fo_buf         0  (        0 /        0 )  0.00

 
Incremental optimization status
===============================
                                   Group   
                                  Tot Wrst     Total - - - - DRC Totals - - - -
                           Total  Weighted      Neg      Max       Max     Max  
Operation                   Ar 
Incremental optimization status
=================-------------------------------------------------------------------------------
 init_delay                29401        0         0     14670        0       20

           Trick     Calls     Accepts   Attempts    Time(secs) 
-----------------------------------------------------------
       crit_ups-------------------------------------------------------------------------------
 init_delay                29401        0         0     14670        0       20

           Trick     Calls     Accepts   Attempts    Time(secs) 
-----------------------------------------------------------
       crit_upsz         0  (        0 /        0 )  0.00
    plc_bal_star         0  (        0 /        0 )  0.00
     drc_buftimb         0  (        0 /        0 )  0.00
          plc_st         0  (        0 /        0 )  0.00
    plc_st_fence         0  (        0 /        0 )  0.00
        plc_star         0  (        0 /        0 )  0.00
      plc_laf_st         0  (        0 /        0 )  0.00
 plc_laf_st_fence         0  (        0 /        0 )  0.00
     drc_buftims         0  (        0 /        0 )  0.00
            fopt         0  (        0 /        0 )  0.00
   plc_laf_lo_st         0  (        0 /        0 )  0.00
       plc_lo_st         0  (        0 /        0 )  0.00

 
Local TNS optimization status
=============================
                                   Group   
                                  Tot Wrst     Total - - - - DRC Totals - - - -
                           Total  Weighted      Neg      Max       Max     Max  
Operation                   Area   Slacks      Slack    Trans      Cap   Fanout 
-------------------------------------------------------------------------------
 init_tns                  29401        0         0     14670        0       20

           Trick     Calls     Accepts   Attempts    Time(secs) 
-----------------------------------------------------------
    plc_bal_star         0  (        0 /        0 )  0.00
     drc_buftimb         0  (        0 /        0 )  0.00
     drc_buftims         0  (        0 /        0 )  0.00
       crit_upsz         0  (        0 /        0 )  0.00
   plc_laf_lo_st         0  (        0 /        PBS_TechMap-Postmap Cleanup - Elapsed_Time 0, CPU_Time 0.0
stamp 'PBS_TechMap-Postmap Cleanup' being created for table 'pbs_debug'

  Total Time (Wall) |  Stage Time (Wall)  |   % (Wall)   |    Date - Time     |  Memory   | Stage
--------------------+---------------------+--------------+--------------------+-----------+----------------------
 00:00:06(00:00:stamp 'PBS_TechMap-Postmap Cleanup' being created for table 'pbs_debug'

  Total Time (Wall) |  Stage Time (Wall)  |   % (Wall)   |    Date - Time     |  Memory   | Stage
--------------------+---------------------+--------------+--------------------+-----------+----------------------
 00:00:06(00:00:04) |  00:00:00(00:00:00) |   0.0(  0.0) |   14:40:23 (Sep01) |  295.7 MB | PBS_Generic-Start
--------------------+---------------------+--------------+--------------------+-----------+----------------------
 00:00:34(00:00:32) |  00:00:28(00:00:28) |  44.0( 43.1) |   14:40:51 (Sep01) |  340.4 MB | PBS_Generic_Opt-Post
--------------------+---------------------+--------------+--------------------+-----------+----------------------
 00:00:34(00:00:32) |  00:00:00(00:00:00) |   0.0(  0.0) |   14:40:51 (Sep01) |  340.4 MB | PBS_Generic-Postgen HBO Optimizations
--------------------+---------------------+--------------+--------------------+-----------+----------------------
 00:00:35(00:00:33) |  00:00:01(00:00:01) |   1.5(  1.5) |   14:40:52 (Sep01) |  340.4 MB | PBS_TechMap-Start
--------------------+---------------------+--------------+--------------------+-----------+----------------------
 00:00:35(00:00:33) |  00:00:00(00:00:00) |   0.0(  0.0) |   14:40:52 (Sep01) |  340.4 MB | PBS_TechMap-Premap HBO Optimizations
--------------------+---------------------+--------------+--------------------+-----------+----------------------
 00:01:09(00:01:07) |  00:00:34(00:00:34) |  52.9( 52.3) |   14:41:26 (Sep01) |  339.2 MB | PBS_Techmap-Global Mapping
--------------------+---------------------+--------------+--------------------+-----------+----------------------
 00:01:10(00:01:08) |  00:00:01(00:00:01) |   1.5(  1.5) |   14:41:27 (Sep01) |  339.2 MB | PBS_TechMap-Datapath Postmap Operations
--------------------+---------------------+--------------+--------------------+-----------+----------------------
 00:01:10(00:01:09) |  00:00:00(00:00:01) |   0.0(  1.5) |   14:41:28 (Sep01) |  339.2 MB | PBS_TechMap-Postmap HBO Optimizations
--------------------+---------------------+--------------+--------------------+-----------+----------------------
 00:01:10(00:01:09) |  00:00:00(00:00:00) |   0.0(  0.0) |   14:41:28 (Sep01) |  339.2 MB | PBS_TechMap-Postmap Clock Gating
--------------------+---------------------+--------------+--------------------+-----------+----------------------
 00:01:10(00:01:09) |  00:00:00(00:00:00) |   0.0(  0.0) |   14:41:28 (Sep01) |  339.2 MB | PBS_TechMap-Postmap Cleanup
----------------PBS_Techmap-Post_MBCI - Elapsed_Time 0, CPU_Time 0.0
stamp 'PBS_Techmap-Post_MBCI' being created for table 'pbs_debug'

  Total Time (Wall) |  Stage Time (Wall)  |   % (Wall)   |    Date - Time     |  Memory   | Stage
--------------------+---------------------+--------------+--------------------+-----------+----------------------
 00:00:06(00:00:04) | stamp 'PBS_Techmap-Post_MBCI' being created for table 'pbs_debug'

  Total Time (Wall) |  Stage Time (Wall)  |   % (Wall)   |    Date - Time     |  Memory   | Stage
--------------------+---------------------+--------------+--------------------+-----------+----------------------
 00:00:06(00:00:04) |  00:00:00(00:00:00) |   0.0(  0.0) |   14:40:23 (Sep01) |  295.7 MB | PBS_Generic-Start
--------------------+---------------------+--------------+--------------------+-----------+----------------------
 00:00:34(00:00:32) |  00:00:28(00:00:28) |  44.0( 43.1) |   14:40:51 (Sep01) |  340.4 MB | PBS_Generic_Opt-Post
--------------------+---------------------+--------------+--------------------+-----------+----------------------
 00:00:34(00:00:32) |  00:00:00(00:00:00) |   0.0(  0.0) |   14:40:51 (Sep01) |  340.4 MB | PBS_Generic-Postgen HBO Optimizations
--------------------+---------------------+--------------+--------------------+-----------+----------------------
 00:00:35(00:00:33) |  00:00:01(00:00:01) |   1.5(  1.5) |   14:40:52 (Sep01) |  340.4 MB | PBS_TechMap-Start
--------------------+---------------------+--------------+--------------------+-----------+----------------------
 00:00:35(00:00:33) |  00:00:00(00:00:00) |   0.0(  0.0) |   14:40:52 (Sep01) |  340.4 MB | PBS_TechMap-Premap HBO Optimizations
--------------------+---------------------+--------------+--------------------+-----------+----------------------
 00:01:09(00:01:07) |  00:00:34(00:00:34) |  52.9( 52.3) |   14:41:26 (Sep01) |  339.2 MB | PBS_Techmap-Global Mapping
--------------------+---------------------+--------------+--------------------+-----------+----------------------
 00:01:10(00:01:08) |  00:00:01(00:00:01) |   1.5(  1.5) |   14:41:27 (Sep01) |  339.2 MB | PBS_TechMap-Datapath Postmap Operations
--------------------+---------------------+--------------+--------------------+-----------+----------------------
 00:01:10(00:01:09) |  00:00:00(00:00:01) |   0.0(  1.5) |   14:41:28 (Sep01) |  339.2 MB | PBS_TechMap-Postmap HBO Optimizations
--------------------+---------------------+--------------+--------------------+-----------+----------------------
 00:01:10(00:01:09) |  00:00:00(00:00:00) |   0.0(  0.0) |   14:41:28 (Sep01) |  339.2 MB | PBS_TechMap-Postmap Clock Gating
--------------------+---------------------+--------------+--------------------+-----------+----------------------
 00:01:10(00:01:09) |  00:00:00(00:00:00) |   0.0(  0.0) |   14:41:28 (Sep01) |  339.2 MB | PBS_TechMap-Postmap Cleanup
--------------------+---------------------+--------------+--------------------+-----------+----------------------
 00:01:10(00:01:09) |  00:00:00(00:00:00) |   0.0(  0.0) |   14:41:28 (Sep01) |  339.2 MB | PBS_Techmap-Post_MBCI
----------------
======================= Sequential Deletion Report =============================
   Reason      Instance Name
-----------------------------
================================================================================

##>=================== Cadence Confidential (Mapping-Logical) ===================
##>Main Thread Summary:
##>----------------------------------------------------------------------------------------
##>STEP                           Elapsed       WNS       TNS     Insts      Area    Memory
##>--------##>=================== Cadence Confidential (Mapping-Logical) ===================
##>Main Thread Summary:
##>----------------------------------------------------------------------------------------
##>STEP                           Elapsed       WNS       TNS     Insts      Area    Memory
##>----------------------------------------------------------------------------------------
##>M:Initial                            0         -         -     11986     43427       340
##>M:Pre Cleanup                        0         -         -     11986     43427       340
##>M:Setup                              0         -         -         -         -         -
##>M:Launch ST                          0         -         -         -         -         -
##>M:Design Partition                   0         -         -         -         -         -
##>M:Create Partition Netlists          0         -         -         -         -         -
##>M:Init Power                         0         -         -         -         -         -
##>M:Budgeting                          0         -         -         -         -         -
##>M:Derenv-DB                          0         -         -         -         -         -
##>M:Debug Outputs                      0         -         -         -         -         -
##>M:ST loading                         0         -         -         -         -         -
##>M:Distributed                        0         -         -         -         -         -
##>M:Timer                              0         -         -         -         -         -
##>M:Assembly                           0         -         -         -         -         -
##>M:DFT                                0         -         -         -         -         -
##>M:DP Operations                      1         -         -      5422     22055       339
##>M:Const Prop  ##>----------------------------------------------------------------------------------------
##>Total Elapsed                       36
##>========================================================================================
Info    : Done mapping. [SYNTH-5]
        : Done mapping 'bmi_chip_top'.
     flow.cputime  flow.realtime  timing.setup.tns  timing.setup.wns  snapshot
UM:            66             36                                      syn_map
@file(syn.tcl) 35: syn_opt
Current PLE settings:

Aspect ratio        : 1.00
Shrink factor       : 1.00
Scale of res/length : 1.00
Scale of cap/length : 1.00
Net derating factor : 1.00
Thermal factor      : 1.00
Via Resistance      : 0.00 ohm (from default)
Site size           : 1.91 um (from lef [tech+cell])

                                   Capacitance  
  Layer                             / Length         Data source:
Name        Direction Utilization  (pF/micron)       lef_library
------------------------------------------------
Metal1          H         0.00        0.000412  
Metal2          V                                         Capacitance  
  Layer                             / Length         Data source:
Name        Direction Utilization  (pF/micron)       lef_library
------------------------------------------------
Metal1          H         0.00        0.000412  
Metal2          V         1.00        0.000416  
Metal3          H         1.00        0.000416  
Metal4          V         1.00        0.000416  
Metal5          H         1.00        0.000416  
Metal6          V         1.00        0.000416  
Metal7          H         1.00        0.000416  
Metal8          V         1.00        0.000416  
Metal9          H         1.00        0.000416  
Metal10         V         1.00 Metal1          H         0.00         1.226667  
Metal2          V         1.00         0.755000  
Metal3          H         1.00         0.755000  
Metal4          V         1.00         0.755000  
Metal5          H         1.00         0.755000  
Metal6          V         1.00         0.755000  
Metal7          H         1.00         0.755000  
Metal8          V         1.00         0.267500  
Metal9          H         1.00         0.267500  
Metal10         V         1.00         0.097273  
Metal11         H         1.00         0.095455  

                                        Area     
  Layer                               / Length        Data source:
Name        Direction Utilization     (micron)        lef_library
-------------------------------------------------
Metal1          H         0.00         0.060000  
Metal2          V         1.00         0.080000  
Metal3          H         1.00         0.080000  
Metal4          V         1.00         0.080000  
Metal5          H         1.00         0.080000  
Metal6          V         1.00         0.080000  
MMetal1          H         0.00         0.060000  
Metal2          V         1.00         0.080000  Metal9          H         1.00         0.080000  
Metal10         V         1.00         0.220000  
Metal11         H         1.00         0.220000  

Info    : Incrementally optimizing. [SYNTH-7]
        : Incrementally optimizing 'bmi_chip_top' using 'high' effort.
 
Incremental optimization status
===============================
                                   Group   
                                  Tot Wrst     Total - - - - DRC Totals - - - -
                           Total  Weighted      Neg      Max       Max     Max  
Operation                   Ar 
Incremental optimization status
=================-------------------------------------------------------------------------------
 init_iopt                 29401        0         0     14670        0       20
 const_prop                29402        0         0        47        0       20
 simp_cc_inputs            29402        0         0        47        0       20
 hi_fo_buf                 29402        0         0        47        0       20

           Trick     Calls     Accepts   Attempts    Time(secs) 
-----------------------------------------------------------
       hi_fo_buf         0  (        0 /        0 )  0.00

 
Incremental optimization status
===============================
                                   Group   
                                  Tot Wrst     Total - - - - DRC Totals - - - -
                           Total  Weighted      Neg      Max       Max     Max  
Operation                   Ar 
Incremental optimization status
===============================
                                   Group   
                                  Tot Wrst     Total - - - - DRC Totals - - - -
                           Total  Weighted      Neg      Max       Max     Max  
Operation                   Area   Slacks      Slack    Trans      Cap   Fanout 
-------------------------------------------------------------------------------
 init_delay                29402        0         0        47        0       20

           Trick     Calls     Accepts   Attempts    Time(secs) 
-----------------------------------------------------------
        crit_msz         0  (        0 /        0 )  0.00
       crit_upsz         0  (        0 /        0 )  0.00
       crit_slew         0  (        0 /        0 )  0.00
        setup_dn         0  (        0 /             plc_laf_st         0  (        0 /        0 )  0.00
 plc_laf_st_fence         0  (        0 /        0 )  0.00
     drc_buftims         0  (        0 /        0 )  0.00
   plc_laf_lo_st         0  (        0 /        0 )  0.00
       plc_lo_st         0  (        0 /        0 )  0.00
            fopt         0  (        0 /        0 )  0.00
       crit_swap         0  (        0 /        0 )  0.00
       mux2_swap         0  (        0 /        0 )  0.00
       crit_dnsz         0  (        0 /        0 )  0.00
       load_swap         0  (        0 /        0 )  0.00
            fopt         0  (        0 /        0 )  0.00
        setup_dn         0  (        0 /        0 )  0.00
       load_isol         0  (        0 /        0 )  0.00
       load_isol         0  (        0 /        0 )  0.00
        move_for         0  (        0 /        0 )  0.00
        move_for         0  (        0 /        0 )  0.00
          rem_bi         0  (        0 /        0 )  0.00
         offload         0  (        0 /        0 )  0.00
          rem_bi         0  (        0 /        0 )  0.00
         offload         0  (        0 /        0 )  0.00
           phase         0  (        0 /        0 )  0.00
        in_phase         0  (        0 /        0 )  0.00
       merge_bit         0  (        0 /        0 )  0.00
     merge_idrvr         0  (        0 /        0 )  0.00
     merge_iload         0  (        0 /        0 )  0.00
    merge_idload         0  (        0 /        0 )  0.00
      merge_drvr         0  (        0 /        0 )  0.00
      merge_load         0  (        0 /        0 )  0.00
          decomp         0  (        0 /        0 )  0.00
        p_decomp         0  (        0 /        0 )  0.00
        levelize         0  (        0 /        0 )  0.00
        mb_split         0  (        0 /        0 )  0.00
             dup         0  (        0 /        0 )  0.00
      mux_retime         0  (        0 /        0 )  0.00
         buf2inv         0  (        0 /        0 )  0.00
             exp         0  (        0 /        0 )  0.00
       gate_deco         0  (        0 /        0 )  0.00
       gcomp_tim         0  (        0 /        0 )  0.00
  inv_pair_2_buf         0  (        0 /        0 )  0.00


           Trick     Calls     Accepts   Attempts    Time(secs) 
-----------------------------------------------------------
         crr_220         0  (        0 /        0 )  0.00
        crr_glob         0  (        0 /        0 )  0.00
         crr_200         0  (        0 /        0 )  0.00
 
           Trick     Calls     Accepts   Attempts    Time(secs) 
-----------------------------------------------------------
         crr_220         0  (        0 /        0 )  0.00
        crr_glob         0  (        0 /        0 )  0.00
         crr_200         0  (        0 /        0 )  0.00
        crr_glob         0  (        0 /        0 )  0.00
         crr_300         0  (        0 /        0 )  0.00
        crr_glob         0  (        0 /        0 )  0.00
         crr_400         0  (        0 /        0 )  0.00
        crr_glob         0  (        0 /        0 )  0.00
         crr_111         0  (        0 /        0 )  0.00
        crr_glob         0  (        0 /        0 )  0.00
         crr_210         0  (        0 /        0 )  0.00
        crr_glob         0  (        0 /        0 )  0.00
         crr_110         0  (        0 /        0 )  0.00
        crr_glob         0  (        0 /        0 )  0.00
         crr_101         0  (        0 /        0 )  0.00
        crr_glob         0  (        0 /        0 )  0.00
         crr_201         0  (        0 /        0 )  0.00
        crr_glob         0  (        0 /               set         crr_211         0  (        0 /        0 )  0.00
        crr_glob         0  (        0 /            drc_buftimb         0  (        0 /        0 )  0.00
          plc_st         0  (        0 /        0 )  0.00
    plc_st_fence         0  (        0 /        0 )  0.00
        plc_star         0  (        0 /        0 )  0.00
      plc_laf_st         0  (        0 /        0 )  0.00
 plc_laf_st_fence         0  (        0 /        0 )  0.00
     drc_buftims         0  (        0 /        0 )  0.00
       plc_lo_st         0  (        0 /        0 )  0.00
            fopt         0  (        0 /        0 )  0.00
       crit_swap         0  (        0 /        0 )  0.00
       mux2_swap         0  (        0 /        0 )  0.00
       crit_dnsz         0  (        0 /        0 )  0.00
       load_swap         0  (        0 /        0 )  0.00
                       fopt         0  (        0 /        0 )  0.00
       crit_swap         0  (        0 /        0 )  0.00
       mux2_swap         0  (        0 /        0 )  0.00
       crit_dnsz         0  (        0 /        0 )  0.00
       load_swap         0  (        0 /        0 )  0.00
            fopt         0  (        0 /        0 )  0.00
        setup_dn         0  (        0 /        0 )  0.00
       load_isol         0  (        0 /        0 )  0.00
       load_isol         0  (        0 /        0 )  0.00
        move_for         0  (        0 /        0 )  0.00
        move_for         0  (        0 /        0 )  0.00
          rem_bi         0  (        0 /        0 )  0.00
         offload         0  (        0 /        0 )  0.00
          rem_bi         0  (        0 /        0 )  0.00
         offload         0  (        0 /        0 )  0.00
       merge_bit         0  (        0 /        0 )  0.00
     merge_idrvr         0  (        0 /        0 )  0.00
     merge_iload         0  (        0 /        0 )  0.00
    merge_idload         0  (        0 /        0 )  0.00
      merge_drvr         0  (        0 /        0 )  0.00
      merge_load         0  (        0 /        0 )  0.00
           phase         0  (        0 /        0 )  0.00
          decomp         0  (        0 /        0 )  0.00
        p_decomp         0  (        0 /        0 )  0.00
        levelize         0  (        0 /        0 )  0.00
        mb_split         0  (        0 /        0 )  0.00
        in_phase         0  (        0 /        0 )  0.00
             dup         0  (        0 /        0 )  0.00
      mux_retime         0  (        0 /        0 )  0.00
         buf2inv         0  (        0 /        0 )  0.00
           
           Trick     Calls     Accepts   Attempts    Time(secs) 
-----------------------------------------------------------
          plc_st        28  (        0 /        0 )  0.00
        plc_star        28  (        0 /        0 )  0.00
        drc_bufs        56  (        0 /       28 )  0.02
 
           Trick     Calls     Accepts   Attempts    Time(secs) 
-----------------------------------------------------------
          plc_st        28  (        0 /        0 )  0.00
        plc_star        28  (        0 /        0 )  0.00
        drc_bufs        56  (        0 /       28 )  0.02
        drc_fopt        28  (        0 /        0 )  0.00
        drc_bufb        28  (        0 /        
           Trick     Calls     Accepts   Attempts    Time(secs) 
-----------------------------------------------------------
          plc_st         0  (        0 /        0 )  0.00
        plc_star         0  (        0 /        0 )  0.00
      drc_buf_sp         0  (        0 /        0 )  0.00
 
           Trick     Calls     Accepts   Attempts    Time(secs) 
-----------------------------------------------------------
          plc_st         0  (        0 /        0 )  0.00
        plc_star         0  (        0 /        0 )  0.00
      drc_buf_sp         0  (        0 /        0 )  0.00
        drc_bufs         0  (        0 /        0 )  0.00
        drc_fopt         0  (        0 /         incr_max_fo               29562        0         0        47        0        0

           Trick     Calls     Accepts   Attempts    Time(secs) 
-----------------------------------------------------------
          plc_st        11  (        0 /        0 )  0.00
        plc_star        11  (         incr_max_fo               29562        0         0        47        0        0

           Trick     Calls     Accepts   Attempts    Time(secs) 
-----------------------------------------------------------
          plc_st        11  (        0 /        0 )  0.00
        plc_star        11  (        0 /        0 )  0.00
      drc_buf_sp        22  (       11 /       11 )  0.04
        drc_bufs         0  (        0 /         init_tns                  29562        0         0        47        0        0

           Trick     Calls     Accepts   Attempts    Time(secs) 
-----------------------------------------------------------
            fopt         0  (        0 /        0 )  0.00
    plc_bal_star         0  (         init_tns                  29562        0         0        47        0        0

           Trick     Calls     Accepts   Attempts    Time(secs) 
-----------------------------------------------------------
            fopt         0  (        0 /        0 )  0.00
    plc_bal_star         0  (        0 /        0 )  0.00
     drc_buftimb         0  (        0 /        0 )  0.00
     drc_buftims         0  (        0 /        0 )  0.00
        crit_msz         0  (        0 /        0 )  0.00
       crit_upsz         0  (        0 /        0 )  0.00
   plc_laf_lo_st         0  (        0 /        0 )  0.00
       plc_lo_st         0  (        0 /        0 )  0.00
       crit_swap         0  (        0 /        0 )  0.00
       mux2_swap         0  (        0 /        0 )  0.00
       crit_dnsz         0  (        0 /        0 )  0.00
       load_swap         0  (        0 /        0 )  0.00
            fopt         0  (        0 /        0 )  0.00
        setup_dn         0  (        0 /        0 )  0.00
       load_isol         0  (        0 /        0 )  0.00
       load_isol         0  (        0 /        0 )  0.00
        move_for         0  (        0 /        0 )  0.00
        move_for         0  (        0 /        0 )  0.00
          rem_bi         0  (        0 /        0 )  0.00
         offload         0  (        0 /        0 )  0.00
          rem_bi         0  (        0 /        0 )  0.00
         offload         0  (        0 /        0 )  0.00
       merge_bit         0  (        0 /        0 )  0.00
     merge_idrvr         0  (        0 /        0 )  0.00
     merge_iload         0  (        0 /        0 )  0.00
    merge_idload         0  (        0 /        0 )  0.00
      merge_drvr         0  (        0 /        0 )  0.00
      merge_load         0  (        0 /        0 )  0.00
           phase         0  (        0 /        0 )  0.00
          decomp         0  (        0 /        0 )  0.00
        p_decomp         0  (        0 /        0 )  0.00
        levelize         0  (        0 /        0 )  0.00
        mb_split         0  (        0 /        0 )  0.00
             rem_buf                   29411        0         0        47        0        0
 rem_inv                   29401        0         0        47        0        0
 merge_bi                  29394        0         0        47        0        0
 rem_inv_qb                29372        0         0        47        0        0
 seq_res_area              29368        0         0        47        0        0
 io_phase                  29367        0         0        47        0        0
 gate_comp                 29307        0         0        47        0        0
 glob_area                 29252        0         0        47        0        0
 area_down                 29043        0         0        47        0        0
 merge_bi                  29039        0         0        47        0        0
 rem_inv_qb                29039        0         0        47        0        0

           Trick     Calls     Accepts   Attempts    Time(secs) 
-----------------------------------------------------------
           undup         0  (        0 /        0 )  0.00
         rem_buf       153  (       3 rem_inv_qb                29039        0         0        47        0        0

           Trick     Calls     Accepts   Attempts    Time(secs) 
-----------------------------------------------------------
           undup         0  (        0 /        0 )  0.00
         rem_buf       153  (       39 /       40 )  0.15
         rem_inv       126  (        6 /       10 )  0.12
        merge_bi       108  (        6 /       14 )  0.16
      rem_inv_qb        17  (        2 /        2 )  0.03
    seq_res_area        30  (        1 /        1 )  27.80
        io_phase        64  (        1 /        1 )  0.10
       gate_comp       555  (      101 /      113 )  1.01
       gcomp_mog         0  (        0 /                rem_inv       118  (        0 /        4 )  0.10
        mer       area_down       374  (       71 /             rem_inv_qb         5  (        1 /        1 )  0.01

 
Incremental optimization status
===============================
                                   Group   
                                  Tot Wrst     Total - - - - DRC Totals - - - -
                           Total  Weighted      Neg      Max       Max     Max  
Operation                   Ar 
Incremental optimization status
=================-------------------------------------------------------------------------------
 init_delay                29039        0         0        47        0        0

           Trick     Calls     Accepts   Attempts    Time(secs) 
-----------------------------------------------------------
         crr_22-------------------------------------------------------------------------------
 init_delay                29039        0         0        47        0        0

           Trick     Calls     Accepts   Attempts    Time(secs) 
-----------------------------------------------------------
         crr_220         0  (        0 /        0 )  0.00
        crr_glob         0  (        0 /        0 )  0.00
         crr_200         0  (        0 /        0 )  0.00
        crr_glob         0  (        0 /        0 )  0.00
         crr_300         0  (        0 /        0 )  0.00
        crr_glob         0  (        0 /        0 )  0.00
         crr_400         0  (        0 /        0 )  0.00
        crr_glob         0  (        0 /        0 )  0.00
         crr_111         0  (        0 /        0 )  0.00
        crr_glob         0  (        0 /        0 )  0.00
         crr_210         0  (        0 /        0 )  0.00
        crr_glob         0  (        0 /        0 )  0.00
         crr_110         0  (        0 /        0 )  0.00
        crr_glob         0  (        0 /        0 )  0.00
         crr_101         0  (        0 /        0 )  0.00
        crr_glob         0  (        0 /        0 )  0.00
         crr_201         0  (        0 /        0 )  0.00
        crr_glob         0  (        0 /        0 )  0.00
         crr_211         0  (        0 /        0 )  0.00
        crr_glob         0  (        0 /        0 )  0.00
        crit_msz         0  (        0 /        0 )  0.00
       crit_upsz         0  (        0 /        0 )  0.00
       crit_slew         0  (        0 /        0 )  0.00
        setup_dn         0  (        0 /        0 )  0.00
    plc_bal_star         0  (        0 /        0 )  0.00
     drc_buftimb         0  (        0 /        0 )  0.00
          plc_st         0  (        0 /        0 )  0.00
    plc_st_fence         0  (        0 /        0 )  0.00
        plc_star         0  (        0 /        0 )  0.00
      plc_laf_st         0  (        0 /        0 )  0.00
 plc_laf_st_fence         0  (        0 /        0 )  0.00
     drc_buftims         0  (        0 /        0 )  0.00
       plc_lo_st         0  (        0 /        0 )  0.00
            fopt         0  (        0 /        0 )  0.00
       crit_swap         0  (        0 /        0 )  0.00
       mux2_swap         0  (        0 /        0 )  0.00
       crit_dnsz         0  (        0 /        0 )  0.00
       load_swap         0  (        0 /        0 )  0.00
            fopt         0  (        0 /        0 )  0.00
        setup_dn         0  (        0 /        0 )  0.00
       load_isol         0  (        0 /        0 )  0.00
       load_isol         0  (        0 /        0 )  0.00
        move_for         0  (        0 /        0 )  0.00
        move_for         0  (        0 /        0 )  0.00
          rem_bi         0  (        0 /        0 )  0.00
         offload         0  (        0 /        0 )  0.00
          rem_bi         0  (        0 /        0 )  0.00
         offload         0  (        0 /        0 )  0.00
       merge_bit         0  (        0 /        0 )  0.00
     merge_idrvr         0  (        0 /        0 )  0.00
     merge_iload         0  (        0 /        0 )  0.00
    merge_idload         0  (        0 /        0 )  0.00
      merge_drvr         0  (        0 /        0 )  0.00
      merge_load         0  (        0 /        0 )  0.00
           phase         0  (        0 /        0 )  0.00
          decomp         0  (        0 /        0 )  0.00
        p_decomp         0  (        0 /        0 )  0.00
        levelize         0  (        0 /        0 )  0.00
        mb_split         0  (        0 /        0 )  0.00
        in_phase         0  (        0 /        0 )  0.00
             dup         0  (        0 /        0 )  0.00
      mux_retime         0  (        0 /        0 )  0.00
         buf2inv         0  (        0 /        0 )  0.00
           
           Trick     Calls     Accepts   Attempts    Time(secs) 
-----------------------------------------------------------
          plc_st        28  (        0 /        0 )  0.00
        plc_star        28  (        0 /        0 )  0.00
        drc_bufs        56  (        0 /       28 )  0.02
 
           Trick     Calls     Accepts   Attempts    Time(secs) 
-----------------------------------------------------------
          plc_st        28  (        0 /        0 )  0.00
        plc_star        28  (        0 /        0 )  0.00
        drc_bufs        56  (        0 /       28 )  0.02
        drc_fopt        28  (        0 /        0 )  0.00
        drc_bufb        28  (        0 /        
           Trick     Calls     Accepts   Attempts    Time(secs) 
-----------------------------------------------------------
          plc_st         0  (        0 /        0 )  0.00
        plc_star         0  (        0 /        0 )  0.00
        drc_bufs         0  (        0 /        0 )  0.00
 
           Trick     Calls     Accepts   Attempts    Time(secs) 
-----------------------------------------------------------
          plc_st         0  (        0 /        0 )  0.00
        plc_star         0  (        0 /        0 )  0.00
        drc_bufs         0  (        0 /        0 )  0.00
        drc_fopt         0  (        0 /        0 )  0.00
        drc_bufb         0  (        0 /        0 )  0.00
      simple_buf         0  (        0 /        0 )  0.00
             dup         0  (        0 /        0 )  0.00
       crit_dnsz         0  (        0 /        0 )  0.00
       crit_upsz         0  (        0 /        0 )  0.00


           Trick     Calls     Accepts   Attempts    Time(secs) 
-----------------------------------------------------------
          plc_st         0  (        0 /        0 )  0.00
        plc_star         0  (        0 /        0 )  0.00
        drc_bufs         0  (        0 /        0 )  0.00
        drc_fopt         0  (        0 /        0 )  0.00
        drc_bufb         0  (        0 /        0 )  0.00
             dup         0  (        0 /        0 )  0.00
       crit_dnsz         0  (        0 /        0 )  0.00
       crit_upsz         0  (        0 /        0 )  0.00

 init_tns                  29039        0         0        47        0        0

           Trick     Calls     Accepts   Attempts    Time(secs) 
-----------------------------------------------------------
            fopt         0  (        0 /        0 )  0.00
    plc_bal_star         0  (        0 /        0 )  0.00
     drc_buftimb         0  (        0 /        0 )  0.00
     drc_buftims         0  (        0 /        0 )  0.00
        crit_msz         0  (        0 /        0 )  0.00
       crit_upsz         0  (        0 /        0 )  0.00
   plc_laf_lo_st         0  (        0 /        0 )  0.00
       plc_lo_st         0  (        0 /        0 )  0.00
       crit_swap         0  (        0 /        0 )  0.00
       mux2_swap         0  (        0 /        0 )  0.00
       crit_dnsz         0  (        0 /        0 )  0.00
       load_swap         0  (        0 /        0 )  0.00
            fopt         0  (        0 /        0 )  0.00
        setup_dn         0  (        0 /        0 )  0.00
       load_isol         0  (        0 /        0 )  0.00
       load_isol         0  (        0 /        0 )  0.00
        move_for         0  (        0 /        0 )  0.00
        move_for         0  (        0 /        0 )  0.00
          rem_bi         0  (        0 /        0 )  0.00
         offload         0  (        0 /        0 )  0.00
          rem_bi         0  (        0 /        0 )  0.00
         offload         0  (        0 /        0 )  0.00
       merge_bit         0  (        0 /        0 )  0.00
     merge_idrvr         0  (        0 /        0 )  0.00
     merge_iload         0  (        0 /        0 )  0.00
    merge_idload         0  (        0 /        0 )  0.00
      merge_drvr         0  (        0 /        0 )  0.00
      merge_load         0  (        0 /        0 )  0.00
           phase         0  (        0 /        0 )  0.00
          decomp         0  (        0 /        0 )  0.00
        p_decomp         0  (        0 /        0 )  0.00
        levelize         0  (        0 /        0 )  0.00
        mb_split         0  (        0 /        0 )  0.00
             gate_comp                 29038        0         0        47        0        0
 glob_area                 29036        0         0        47        0        0
 area_down                 29014        0         0        47        0        0

           Trick     Calls     Accepts   Attempts    Time(secs) 
-----------------------------------------------------------
           undup         0  (        0 /        0 )  0.00
         rem_buf       114  (        0 /        1 )  0.10
         rem_inv       118  (        0 /        4 )  0.10
 
           Trick     Calls     Accepts   Attempts    Time(secs) 
-----------------------------------------------------------
           undup         0  (        0 /        0 )  0.00
         rem_buf       114  (        0 /        1 )  0.10
         rem_inv       118  (        0 /        4 )  0.10
        merge_bi       100  (        0 /        2 )  0.11
      rem_inv_qb         3  (        0 /        0 )  0.00
        io_phase        63  (        0 /        0 )  0.08
       gate_comp       415  (        1 /       
 
Incremental optimization status
===============================
                                   Group   
                                  Tot Wrst     Total - - - - DRC Totals - - - -
                           Total  Weighted      Neg      Max       Max     Max  
Operation                   Ar 
Incremental optimization status
=================-------------------------------------------------------------------------------
 init_delay                29014        0         0        47        0        0

           Trick     Calls     Accepts   Attempts    Time(secs) 
-----------------------------------------------------------
        crit_msz         0  (        0 /        0 )  0.00
       crit_upsz         0  (        0 /        0 )  0.00
       crit_slew         0  (        0 /        0 )  0.00
             Trick     Calls     Accepts   Attempts    Time(secs) 
-----------------------------------------------------------
        crit_msz         0  (        0 /        0 )  0.00
       crit_upsz         0  (        0 /        0 )  0.00
       crit_slew         0  (        0 /        0 )  0.00
        setup_dn         0  (        0 /        0 )  0.00
    plc_bal_star         0  (        0 /        0 )  0.00
     drc_buftimb         0  (        0 /        0 )  0.00
          plc_st         0  (        0 /        0 )  0.00
    plc_st_fence         0  (        0 /        0 )  0.00
        plc_star         0  (        0 /        0 )  0.00
      plc_laf_st         0  (        0 /        0 )  0.00
 plc_laf_st_fence         0  (        0 /        0 )  0.00
     drc_buftims         0  (        0 /        0 )  0.00
   plc_laf_lo_st         0  (        0 /        0 )  0.00
       plc_lo_st         0  (        0 /        0 )  0.00
            fopt         0  (        0 /        0 )  0.00
       crit_swap         0  (        0 /        0 )  0.00
       mux2_swap         0  (        0 /        0 )  0.00
       crit_dnsz         0  (        0 /        0 )  0.00
       load_swap         0  (        0 /        0 )  0.00
            fopt         0  (        0 /        0 )  0.00
        setup_dn         0  (        0 /        0 )  0.00
       load_isol         0  (        0 /        0 )  0.00
       load_isol         0  (        0 /        0 )  0.00
        move_for         0  (        0 /        0 )  0.00
        move_for         0  (        0 /        0 )  0.00
          rem_bi         0  (        0 /        0 )  0.00
         offload         0  (        0 /        0 )  0.00
          rem_bi         0  (        0 /        0 )  0.00
         offload         0  (        0 /        0 )  0.00
           phase         0  (        0 /        0 )  0.00
        in_phase         0  (        0 /        0 )  0.00
       merge_bit         0  (        0 /        0 )  0.00
     merge_idrvr         0  (        0 /        0 )  0.00
     merge_iload         0  (        0 /        0 )  0.00
    merge_idload         0  (        0 /        0 )  0.00
      merge_drvr         0  (        0 /        0 )  0.00
      merge_load         0  (        0 /        0 )  0.00
          decomp         0  (        0 /        0 )  0.00
        p_decomp         0  (        0 /        0 )  0.00
        levelize         0  (        0 /        0 )  0.00
        mb_split         0  (        0 /        0 )  0.00
             dup         0  (        0 /        0 )  0.00
      mux_retime         0  (        0 /        0 )  0.00
         buf2inv         0  (        0 /        0 )  0.00
            
           Trick     Calls     Accepts   Attempts    Time(secs) 
-----------------------------------------------------------
          plc_st        28  (        0 /        0 )  0.00
        plc_star        28  (        0 /        0 )  0.00
        drc_bufs        56  (        0 /       28 )  0.02
 
           Trick     Calls     Accepts   Attempts    Time(secs) 
-----------------------------------------------------------
          plc_st        28  (        0 /        0 )  0.00
        plc_star        28  (        0 /        0 )  0.00
        drc_bufs        56  (        0 /       28 )  0.02
        drc_fopt        28  (        0 /        0 )  0.00
        drc_bufb        28  (        0 /        
           Trick     Calls     Accepts   Attempts    Time(secs) 
-----------------------------------------------------------
          plc_st         0  (        0 /        0 )  0.00
        plc_star         0  (        0 /        0 )  0.00
        drc_bufs         0  (        0 /        0 )  0.00
 
           Trick     Calls     Accepts   Attempts    Time(secs) 
-----------------------------------------------------------
          plc_st         0  (        0 /        0 )  0.00
        plc_star         0  (        0 /        0 )  0.00
        drc_bufs         0  (        0 /        0 )  0.00
        drc_fopt         0  (        0 /        0 )  0.00
        drc_bufb         0  (        0 /        0 )  0.00
      simple_buf         0  (        0 /        0 )  0.00
             dup         0  (        0 /        0 )  0.00
       crit_dnsz         0  (        0 /        0 )  0.00
       crit_upsz         0  (        0 /        0 )  0.00


           Trick     Calls     Accepts   Attempts    Time(secs) 
-----------------------------------------------------------
          plc_st         0  (        0 /        0 )  0.00
        plc_star         0  (        0 /        0 )  0.00
        drc_bufs         0  (        0 /        Info    : Done incrementally optimizing. [SYNTH-8]
        : Done incrementally optimizing 'bmi_chip_top'.
     flow.cputime  flow.realtime  timing.setup.tns  timing.setup.wns  snapshot
UM:            37             37                                      syn_opt
@file(syn.tcl) 38: report_timing > timing.rpt
Warning : Possible timing problems have been detected in this design. [TIM-11]
        : The design is 'bmi_chip_top'.
        : Use 'report timing -lint' for more information.
@file(syn.tcl) 39: report_area   > area.rpt
@file(syn.tcl) 42: write_hdl > bmi_chip_top_syn.v
@file(syn.tcl) 48: set f [open "bmi_chip_top_sym.v" w]
@file(syn.tcl) 49: puts $f "// Virtuoso symbol import stub — do NOT use for synthesis or PNR"
@file(syn.tcl) 50: puts $f "// Import into Virtuoso to create a symbol with VDD/VSS pins"
@file(syn.tcl) 51: puts $f "module bmi_chip_top ("
@file(syn.tcl) 52: puts $f "    input  wire        clk,"
@file(syn.tcl) 53: puts $f "    input  wire        rst_n,"
@file(syn.tcl) 54: puts $f "    input  wire \[7:0\]  adc_sample,"
@file(syn.tcl) 55: puts $f "    output wire \[2:0\]  adc_channel,"
@@file(syn.tcl) 51: puts $f "module bmi_chip_top ("
@file(syn.tcl) 52: puts $f "    input  wire        clk,"
@file(syn.tcl) 53: puts $f "    input  wire        rst_n,"
@file(syn.tcl) 54: puts $f "    input  wire \[7:0\]  adc_sample,"
@file(syn.tcl) 55: puts $f "    output wire \[2:0\]  adc_channel,"
@file(syn.tcl) 56: puts $f "    input  wire        spi_sclk,"
@file(syn.tcl) 57: puts $f "    input  wire        spi_cs_n,"
@file(syn.tcl) 58: puts $f "    output wire        spi_miso,"
@file(syn.tcl) 59: puts $f "    input  wire        scan_en,"
@file(syn.tcl) 60: puts $f "    in@file(syn.tcl) 68: puts "\nOutputs:"

Outputs:
@file(syn.tcl) 69: puts "  bmi_chip_top_syn.v  — gate-level netlist for Innovus"
  bmi_chip_top_syn.v  — gate-level netlist for Innovus
@file(syn.tcl) 70: puts "  bmi_chip_top_sym.v  — Virtuoso symbol stub (with VDD/VSS)"
  bmi_chip_top_sym.v  — Virtuoso symbol stub (with VDD/VSS)
@
Outputs:
@file(syn.tcl) 69: puts "  bmi_chip_top_syn.v  — gate-level netlist for Innovus"
  bmi_chip_top_syn.v  — gate-level netlist for Innovus
@file(syn.tcl) 70: puts "  bmi_chip_top_sym.v  — Virtuoso symbol stub (with VDD/VSS)"
  bmi_chip_top_sym.v  — Virtuoso symbol stub (with VDD/VSS)
@file(syn.tcl) 71: puts "  check_design.rpt     — Genus structural design checks"
  check_design.rpt     — Genus structural design checks
@file(syn.tcl) 73: quit
Normal exit.
