{
  "ch_means": [
    5.817590236663818,
    5.5771331787109375,
    6.524094104766846,
    16.321199417114258,
    5.2900776863098145,
    4.079209327697754,
    5.986147880554199,
    7.433591842651367,
    5.9231133460998535,
    6.126210689544678,
    6.8894429206848145,
    11.680535316467285,
    11.935240745544434,
    10.902817726135254,
    6.755960464477539,
    7.876649856567383
  ],
  "ch_stds": [
    1.4132734537124634,
    1.2234100103378296,
    1.659825086593628,
    3.8432607650756836,
    1.2276166677474976,
    1.2357723712921143,
    1.0920218229293823,
    1.6056780815124512,
    1.3349244594573975,
    1.1067990064620972,
    1.1906667947769165,
    3.09171199798584,
    3.9187729358673096,
    2.1594510078430176,
    1.2799441814422607,
    2.3111419677734375
  ],
  "channels_used": [
    2,
    4,
    6,
    32,
    34,
    42,
    50,
    64,
    66,
    67,
    68,
    70,
    71,
    72,
    74,
    81
  ]
}